[{"model": "contenttypes.contenttype", "pk": 1, "fields": {"app_label": "admin", "model": "logentry"}}, {"model": "contenttypes.contenttype", "pk": 2, "fields": {"app_label": "auth", "model": "permission"}}, {"model": "contenttypes.contenttype", "pk": 3, "fields": {"app_label": "auth", "model": "group"}}, {"model": "contenttypes.contenttype", "pk": 4, "fields": {"app_label": "auth", "model": "user"}}, {"model": "contenttypes.contenttype", "pk": 5, "fields": {"app_label": "contenttypes", "model": "contenttype"}}, {"model": "contenttypes.contenttype", "pk": 6, "fields": {"app_label": "sessions", "model": "session"}}, {"model": "contenttypes.contenttype", "pk": 7, "fields": {"app_label": "semstew", "model": "language"}}, {"model": "contenttypes.contenttype", "pk": 8, "fields": {"app_label": "semstew", "model": "aboutus"}}, {"model": "contenttypes.contenttype", "pk": 9, "fields": {"app_label": "semstew", "model": "aboutusconfig"}}, {"model": "contenttypes.contenttype", "pk": 10, "fields": {"app_label": "semstew", "model": "allergen"}}, {"model": "contenttypes.contenttype", "pk": 11, "fields": {"app_label": "semstew", "model": "allergenname"}}, {"model": "contenttypes.contenttype", "pk": 12, "fields": {"app_label": "semstew", "model": "branch"}}, {"model": "contenttypes.contenttype", "pk": 13, "fields": {"app_label": "semstew", "model": "category"}}, {"model": "contenttypes.contenttype", "pk": 14, "fields": {"app_label": "semstew", "model": "categoryname"}}, {"model": "contenttypes.contenttype", "pk": 15, "fields": {"app_label": "semstew", "model": "contact"}}, {"model": "contenttypes.contenttype", "pk": 16, "fields": {"app_label": "semstew", "model": "contactconfig"}}, {"model": "contenttypes.contenttype", "pk": 17, "fields": {"app_label": "semstew", "model": "employee"}}, {"model": "contenttypes.contenttype", "pk": 18, "fields": {"app_label": "semstew", "model": "intro"}}, {"model": "contenttypes.contenttype", "pk": 19, "fields": {"app_label": "semstew", "model": "introconfig"}}, {"model": "contenttypes.contenttype", "pk": 20, "fields": {"app_label": "semstew", "model": "item"}}, {"model": "contenttypes.contenttype", "pk": 21, "fields": {"app_label": "semstew", "model": "itemallergen"}}, {"model": "contenttypes.contenttype", "pk": 22, "fields": {"app_label": "semstew", "model": "itemname"}}, {"model": "contenttypes.contenttype", "pk": 23, "fields": {"app_label": "semstew", "model": "mainpictures"}}, {"model": "contenttypes.contenttype", "pk": 24, "fields": {"app_label": "semstew", "model": "menu"}}, {"model": "contenttypes.contenttype", "pk": 25, "fields": {"app_label": "semstew", "model": "menuitem"}}, {"model": "contenttypes.contenttype", "pk": 26, "fields": {"app_label": "semstew", "model": "menuname"}}, {"model": "contenttypes.contenttype", "pk": 27, "fields": {"app_label": "semstew", "model": "new"}}, {"model": "contenttypes.contenttype", "pk": 28, "fields": {"app_label": "semstew", "model": "newname"}}, {"model": "contenttypes.contenttype", "pk": 29, "fields": {"app_label": "semstew", "model": "order"}}, {"model": "contenttypes.contenttype", "pk": 30, "fields": {"app_label": "semstew", "model": "orderitem"}}, {"model": "contenttypes.contenttype", "pk": 31, "fields": {"app_label": "semstew", "model": "reservation"}}, {"model": "contenttypes.contenttype", "pk": 32, "fields": {"app_label": "semstew", "model": "reservationconfig"}}, {"model": "contenttypes.contenttype", "pk": 33, "fields": {"app_label": "semstew", "model": "restaurant"}}, {"model": "contenttypes.contenttype", "pk": 34, "fields": {"app_label": "semstew", "model": "role"}}, {"model": "contenttypes.contenttype", "pk": 35, "fields": {"app_label": "semstew", "model": "unit"}}, {"model": "contenttypes.contenttype", "pk": 36, "fields": {"app_label": "semstew", "model": "unitname"}}, {"model": "contenttypes.contenttype", "pk": 37, "fields": {"app_label": "semstew", "model": "orderconfig"}}, {"model": "sessions.session", "pk": "dkc5o9s3sxh6ptrnnd1v869y9cgnxotv", "fields": {"session_data": "NzAxNTgzN2MxZTFlZjY1Y2E1NTNlODlkMWRhNTg0YmVkZmZlOWU2Mjp7Il9hdXRoX3VzZXJfaWQiOiIxIiwiX2F1dGhfdXNlcl9iYWNrZW5kIjoiZGphbmdvLmNvbnRyaWIuYXV0aC5iYWNrZW5kcy5Nb2RlbEJhY2tlbmQiLCJfYXV0aF91c2VyX2hhc2giOiI0ZTJmMDFhZjU4ODVmMWRlMDJjYmY1MzI0OGVjMjM5MzEwN2VlOWVhIn0=", "expire_date": "2019-01-02T12:45:03.709Z"}}, {"model": "sessions.session", "pk": "ttky09ptfl9375ryc1mvljc2omlyhq5j", "fields": {"session_data": "NzAxNTgzN2MxZTFlZjY1Y2E1NTNlODlkMWRhNTg0YmVkZmZlOWU2Mjp7Il9hdXRoX3VzZXJfaWQiOiIxIiwiX2F1dGhfdXNlcl9iYWNrZW5kIjoiZGphbmdvLmNvbnRyaWIuYXV0aC5iYWNrZW5kcy5Nb2RlbEJhY2tlbmQiLCJfYXV0aF91c2VyX2hhc2giOiI0ZTJmMDFhZjU4ODVmMWRlMDJjYmY1MzI0OGVjMjM5MzEwN2VlOWVhIn0=", "expire_date": "2019-01-11T14:20:37.318Z"}}, {"model": "sessions.session", "pk": "vpl2rhzhbezi6dygp5sjkjnxh9yo3ifz", "fields": {"session_data": "NzAxNTgzN2MxZTFlZjY1Y2E1NTNlODlkMWRhNTg0YmVkZmZlOWU2Mjp7Il9hdXRoX3VzZXJfaWQiOiIxIiwiX2F1dGhfdXNlcl9iYWNrZW5kIjoiZGphbmdvLmNvbnRyaWIuYXV0aC5iYWNrZW5kcy5Nb2RlbEJhY2tlbmQiLCJfYXV0aF91c2VyX2hhc2giOiI0ZTJmMDFhZjU4ODVmMWRlMDJjYmY1MzI0OGVjMjM5MzEwN2VlOWVhIn0=", "expire_date": "2019-02-24T15:36:28.450Z"}}, {"model": "semstew.language", "pk": 1, "fields": {"name": "\u010ce\u0161tina", "header": "Jazyk"}}, {"model": "semstew.language", "pk": 2, "fields": {"name": "English", "header": "Language"}}, {"model": "semstew.branch", "pk": 1, "fields": {"restaurant": 1, "address": "Th\u00e1kurova 1516", "phone": "465123945", "description": "", "opening_hours": "Daily:\r\n8:00 - 22:00"}}, {"model": "semstew.role", "pk": 1, "fields": {"name": "Majitel"}}, {"model": "semstew.role", "pk": 2, "fields": {"name": "Kucha\u0159/ka"}}, {"model": "semstew.role", "pk": 3, "fields": {"name": "Obsluha"}}, {"model": "semstew.role", "pk": 4, "fields": {"name": "\u00da\u010detn\u00ed"}}, {"model": "semstew.category", "pk": 1, "fields": {"parent_category": null}}, {"model": "semstew.category", "pk": 2, "fields": {"parent_category": null}}, {"model": "semstew.category", "pk": 3, "fields": {"parent_category": 1}}, {"model": "semstew.category", "pk": 4, "fields": {"parent_category": 1}}, {"model": "semstew.category", "pk": 5, "fields": {"parent_category": 1}}, {"model": "semstew.category", "pk": 6, "fields": {"parent_category": 1}}, {"model": "semstew.category", "pk": 7, "fields": {"parent_category": 1}}, {"model": "semstew.category", "pk": 8, "fields": {"parent_category": 1}}, {"model": "semstew.category", "pk": 9, "fields": {"parent_category": 1}}, {"model": "semstew.category", "pk": 10, "fields": {"parent_category": 1}}, {"model": "semstew.category", "pk": 11, "fields": {"parent_category": 1}}, {"model": "semstew.category", "pk": 12, "fields": {"parent_category": 1}}, {"model": "semstew.category", "pk": 13, "fields": {"parent_category": 1}}, {"model": "semstew.category", "pk": 14, "fields": {"parent_category": 2}}, {"model": "semstew.category", "pk": 15, "fields": {"parent_category": 2}}, {"model": "semstew.category", "pk": 16, "fields": {"parent_category": 2}}, {"model": "semstew.category", "pk": 17, "fields": {"parent_category": 2}}, {"model": "semstew.category", "pk": 18, "fields": {"parent_category": 2}}, {"model": "semstew.category", "pk": 19, "fields": {"parent_category": 2}}, {"model": "semstew.category", "pk": 20, "fields": {"parent_category": 2}}, {"model": "semstew.categoryname", "pk": 1, "fields": {"language": 2, "category": 1, "name": "Food"}}, {"model": "semstew.categoryname", "pk": 2, "fields": {"language": 1, "category": 1, "name": "J\u00eddlo"}}, {"model": "semstew.categoryname", "pk": 3, "fields": {"language": 2, "category": 2, "name": "Beverages"}}, {"model": "semstew.categoryname", "pk": 4, "fields": {"language": 1, "category": 2, "name": "N\u00e1poje"}}, {"model": "semstew.categoryname", "pk": 5, "fields": {"language": 2, "category": 3, "name": "Starters"}}, {"model": "semstew.categoryname", "pk": 6, "fields": {"language": 1, "category": 3, "name": "P\u0159edkrmy"}}, {"model": "semstew.categoryname", "pk": 7, "fields": {"language": 2, "category": 4, "name": "Soups"}}, {"model": "semstew.categoryname", "pk": 8, "fields": {"language": 1, "category": 4, "name": "Pol\u00e9vky"}}, {"model": "semstew.categoryname", "pk": 9, "fields": {"language": 2, "category": 5, "name": "Salads"}}, {"model": "semstew.categoryname", "pk": 10, "fields": {"language": 1, "category": 5, "name": "Sal\u00e1ty"}}, {"model": "semstew.categoryname", "pk": 11, "fields": {"language": 2, "category": 6, "name": "Traditional cousine"}}, {"model": "semstew.categoryname", "pk": 12, "fields": {"language": 1, "category": 6, "name": "Tradi\u010dn\u00ed kuchyn\u011b"}}, {"model": "semstew.categoryname", "pk": 13, "fields": {"language": 2, "category": 7, "name": "Pasta"}}, {"model": "semstew.categoryname", "pk": 14, "fields": {"language": 1, "category": 7, "name": "T\u011bstoviny"}}, {"model": "semstew.categoryname", "pk": 15, "fields": {"language": 2, "category": 8, "name": "Specialities"}}, {"model": "semstew.categoryname", "pk": 16, "fields": {"language": 1, "category": 8, "name": "Speciality"}}, {"model": "semstew.categoryname", "pk": 17, "fields": {"language": 2, "category": 9, "name": "Vegetarian"}}, {"model": "semstew.categoryname", "pk": 18, "fields": {"language": 1, "category": 9, "name": "Bezmas\u00e1 j\u00eddla"}}, {"model": "semstew.categoryname", "pk": 19, "fields": {"language": 2, "category": 10, "name": "For kids"}}, {"model": "semstew.categoryname", "pk": 20, "fields": {"language": 1, "category": 10, "name": "Pro d\u011bti"}}, {"model": "semstew.categoryname", "pk": 21, "fields": {"language": 2, "category": 11, "name": "Desserts"}}, {"model": "semstew.categoryname", "pk": 22, "fields": {"language": 1, "category": 11, "name": "Dezerty"}}, {"model": "semstew.categoryname", "pk": 23, "fields": {"language": 2, "category": 12, "name": "Side dishes"}}, {"model": "semstew.categoryname", "pk": 24, "fields": {"language": 1, "category": 12, "name": "P\u0159\u00edlohy"}}, {"model": "semstew.categoryname", "pk": 25, "fields": {"language": 2, "category": 13, "name": "Sauces"}}, {"model": "semstew.categoryname", "pk": 26, "fields": {"language": 1, "category": 13, "name": "Om\u00e1\u010dky"}}, {"model": "semstew.categoryname", "pk": 27, "fields": {"language": 2, "category": 14, "name": "Alcohol free"}}, {"model": "semstew.categoryname", "pk": 28, "fields": {"language": 1, "category": 14, "name": "Nealkoholick\u00e9 n\u00e1poje"}}, {"model": "semstew.categoryname", "pk": 29, "fields": {"language": 2, "category": 15, "name": "Warm beverages"}}, {"model": "semstew.categoryname", "pk": 30, "fields": {"language": 1, "category": 15, "name": "Tepl\u00e9 n\u00e1poje"}}, {"model": "semstew.categoryname", "pk": 31, "fields": {"language": 2, "category": 16, "name": "Apperitives"}}, {"model": "semstew.categoryname", "pk": 32, "fields": {"language": 1, "category": 16, "name": "Aperitivy"}}, {"model": "semstew.categoryname", "pk": 33, "fields": {"language": 2, "category": 17, "name": "Wine"}}, {"model": "semstew.categoryname", "pk": 34, "fields": {"language": 1, "category": 17, "name": "V\u00edno"}}, {"model": "semstew.categoryname", "pk": 35, "fields": {"language": 2, "category": 18, "name": "Liquers"}}, {"model": "semstew.categoryname", "pk": 36, "fields": {"language": 1, "category": 18, "name": "Lik\u00e9ry"}}, {"model": "semstew.categoryname", "pk": 37, "fields": {"language": 2, "category": 19, "name": "Destialtes"}}, {"model": "semstew.categoryname", "pk": 38, "fields": {"language": 1, "category": 19, "name": "Destil\u00e1ty"}}, {"model": "semstew.categoryname", "pk": 39, "fields": {"language": 2, "category": 20, "name": "Drinks"}}, {"model": "semstew.categoryname", "pk": 40, "fields": {"language": 1, "category": 20, "name": "Drinky"}}, {"model": "semstew.new", "pk": 1, "fields": {"date_time": "2019-01-01T12:00:00Z"}}, {"model": "semstew.newname", "pk": 1, "fields": {"new": 1, "restaurant": 1, "language": 2, "header": "Special After Silvestr Sales", "description": "We offer 70% sale on drinks."}}, {"model": "semstew.newname", "pk": 2, "fields": {"new": 1, "restaurant": 1, "language": 1, "header": "Speci\u00e1ln\u00ed Posilvestrovsk\u00e1 Sleva", "description": "Nab\u00edz\u00edme slevu 70% na v\u0161echny drinky."}}, {"model": "semstew.order", "pk": 1, "fields": {"branch": 1, "date_time": "2019-02-21T13:45:00Z", "person": "P\u0159emek Bohou\u0161", "address": "Pet\u0159\u00edn 1284"}}, {"model": "semstew.orderconfig", "pk": 1, "fields": {"language": 1, "header_more": "Objedn\u00e1vky", "header": "Objedn\u00e1vka", "person": "Osoba", "address": "Adresa"}}, {"model": "semstew.orderconfig", "pk": 2, "fields": {"language": 2, "header_more": "Orders", "header": "Order", "person": "Person", "address": "Address"}}, {"model": "semstew.reservation", "pk": 1, "fields": {"branch": 1, "date_time": "2019-02-28T15:15:00Z", "person": "Dante Smith", "table": 7}}, {"model": "semstew.menu", "pk": 1, "fields": {"branch": 1, "image": "food_menu.jpg"}}, {"model": "semstew.menu", "pk": 2, "fields": {"branch": 1, "image": "beverage_menu.png"}}, {"model": "semstew.menuname", "pk": 1, "fields": {"menu": 1, "language": 2, "name": "Food"}}, {"model": "semstew.menuname", "pk": 2, "fields": {"menu": 1, "language": 1, "name": "J\u00eddlo"}}, {"model": "semstew.menuname", "pk": 3, "fields": {"menu": 2, "language": 2, "name": "Beverages"}}, {"model": "semstew.menuname", "pk": 4, "fields": {"menu": 2, "language": 1, "name": "N\u00e1poje"}}, {"model": "semstew.unit", "pk": 1, "fields": {}}, {"model": "semstew.unit", "pk": 2, "fields": {}}, {"model": "semstew.unit", "pk": 3, "fields": {}}, {"model": "semstew.unit", "pk": 4, "fields": {}}, {"model": "semstew.unitname", "pk": 1, "fields": {"unit": 1, "language": 1, "name": "g"}}, {"model": "semstew.unitname", "pk": 2, "fields": {"unit": 1, "language": 2, "name": "g"}}, {"model": "semstew.unitname", "pk": 3, "fields": {"unit": 2, "language": 2, "name": "pcs"}}, {"model": "semstew.unitname", "pk": 4, "fields": {"unit": 2, "language": 1, "name": "ks"}}, {"model": "semstew.unitname", "pk": 5, "fields": {"unit": 3, "language": 2, "name": "l"}}, {"model": "semstew.unitname", "pk": 6, "fields": {"unit": 3, "language": 1, "name": "l"}}, {"model": "semstew.unitname", "pk": 7, "fields": {"unit": 4, "language": 2, "name": "cl"}}, {"model": "semstew.unitname", "pk": 8, "fields": {"unit": 4, "language": 1, "name": "cl"}}, {"model": "semstew.employee", "pk": 1, "fields": {"branch": 1, "name": "Stojan", "surname": "Jakoty\u0107", "phone": "456034568", "mail": ""}}, {"model": "semstew.employee", "pk": 2, "fields": {"branch": 1, "name": "Marie", "surname": "Neposkvrn\u011bn\u00e1", "phone": "415213185", "mail": ""}}, {"model": "semstew.item", "pk": 1, "fields": {"category": 3, "unit": 2, "image": "pickeled_sausage.jpg", "amount": 1.0}}, {"model": "semstew.item", "pk": 2, "fields": {"category": 3, "unit": 2, "image": "spicy_toast.jpg", "amount": 2.0}}, {"model": "semstew.item", "pk": 3, "fields": {"category": 4, "unit": 3, "image": "chicken_soup.jpg", "amount": 0.25}}, {"model": "semstew.item", "pk": 4, "fields": {"category": 4, "unit": 3, "image": "beef-goulash-soup.jpg", "amount": 0.25}}, {"model": "semstew.item", "pk": 5, "fields": {"category": 5, "unit": 1, "image": "", "amount": 150.0}}, {"model": "semstew.item", "pk": 6, "fields": {"category": 5, "unit": 1, "image": "balkan_salad.jpg", "amount": 150.0}}, {"model": "semstew.item", "pk": 7, "fields": {"category": 6, "unit": 1, "image": "goulash.jpg", "amount": 250.0}}, {"model": "semstew.item", "pk": 8, "fields": {"category": 6, "unit": 1, "image": "roastbeef.jpg", "amount": 120.0}}, {"model": "semstew.item", "pk": 9, "fields": {"category": 7, "unit": 1, "image": "spaghetti_carbonaral.jpg", "amount": 250.0}}, {"model": "semstew.item", "pk": 10, "fields": {"category": 7, "unit": 1, "image": "lasagne.jpg", "amount": 250.0}}, {"model": "semstew.item", "pk": 11, "fields": {"category": 9, "unit": 1, "image": "fried_cheese.jpg", "amount": 200.0}}, {"model": "semstew.item", "pk": 12, "fields": {"category": 9, "unit": 1, "image": "scrambled_eggs.jpg", "amount": 150.0}}, {"model": "semstew.item", "pk": 13, "fields": {"category": 11, "unit": 2, "image": "panna_cotta.jpg", "amount": 1.0}}, {"model": "semstew.item", "pk": 14, "fields": {"category": 11, "unit": 2, "image": "pancake.jpg", "amount": 2.0}}, {"model": "semstew.item", "pk": 15, "fields": {"category": 12, "unit": 1, "image": "french_fries.jpg", "amount": 100.0}}, {"model": "semstew.item", "pk": 16, "fields": {"category": 12, "unit": 1, "image": "roast_american_potatoes.jpg", "amount": 150.0}}, {"model": "semstew.item", "pk": 17, "fields": {"category": 14, "unit": 4, "image": "orange_juice.jpg", "amount": 0.33}}, {"model": "semstew.item", "pk": 18, "fields": {"category": 14, "unit": 3, "image": "apple_juice.jpg", "amount": 0.33}}, {"model": "semstew.item", "pk": 19, "fields": {"category": 15, "unit": 4, "image": "green_tea.jpg", "amount": 0.25}}, {"model": "semstew.item", "pk": 20, "fields": {"category": 16, "unit": 4, "image": "", "amount": 2.0}}, {"model": "semstew.item", "pk": 21, "fields": {"category": 16, "unit": 4, "image": "jameson_whiskey.jpg", "amount": 2.0}}, {"model": "semstew.itemname", "pk": 1, "fields": {"item": 1, "language": 2, "price": 2, "name": "Pickled sausage", "description": "Sausage pickled in vinegar with pepper and chilli."}}, {"model": "semstew.itemname", "pk": 2, "fields": {"item": 1, "language": 1, "price": 50, "name": "Utopenec", "description": "Utopenec nakl\u00e1dan\u00fd v octu s paprikou, cibul\u00ed a pep\u0159em."}}, {"model": "semstew.itemname", "pk": 3, "fields": {"item": 2, "language": 2, "price": 3, "name": "Spicy toast", "description": "Toast with spicy sauce and beef."}}, {"model": "semstew.itemname", "pk": 4, "fields": {"item": 2, "language": 1, "price": 75, "name": "Pikantn\u00ed topinka", "description": "Topinka s hov\u011bz\u00edm a pikantn\u00ed sm\u011bs\u00ed."}}, {"model": "semstew.itemname", "pk": 5, "fields": {"item": 3, "language": 2, "price": 2, "name": "Chicken broth", "description": "Broth witch chicken meat and pasta."}}, {"model": "semstew.itemname", "pk": 6, "fields": {"item": 3, "language": 1, "price": 50, "name": "Ku\u0159ec\u00ed v\u00fdvar", "description": "V\u00fdvar s ku\u0159ec\u00edm mase, zeleninou a t\u011bstovinami."}}, {"model": "semstew.itemname", "pk": 7, "fields": {"item": 4, "language": 2, "price": 3, "name": "Goulash soup", "description": "Goulash soup with beef and potatoes."}}, {"model": "semstew.itemname", "pk": 8, "fields": {"item": 4, "language": 1, "price": 75, "name": "Gul\u00e1\u0161ov\u00e1 pol\u00e9vka", "description": "Gul\u00e1\u0161ov\u00e1 pol\u00e9vka s hov\u011bz\u00edm a bramborami."}}, {"model": "semstew.itemname", "pk": 9, "fields": {"item": 5, "language": 2, "price": 5, "name": "Caeser salad", "description": "Salad with letuce, chicken meat, cherry tomatoes and dressing."}}, {"model": "semstew.itemname", "pk": 10, "fields": {"item": 5, "language": 1, "price": 125, "name": "Caeser sal\u00e1t", "description": "Sal\u00e1t s cherry raj\u010daty, ku\u0159ec\u00edm, krutony a dresingem."}}, {"model": "semstew.itemname", "pk": 11, "fields": {"item": 6, "language": 2, "price": 4, "name": "Balkan salad", "description": "Salad with black olives, paprika, letuce, tomatoes and balkan cheese."}}, {"model": "semstew.itemname", "pk": 12, "fields": {"item": 6, "language": 1, "price": 100, "name": "Balk\u00e1n sal\u00e1t", "description": "Sal\u00e1t s \u010dern\u00fdmi olivami, paprikou, raj\u010daty a balk\u00e1nsk\u00fdm s\u00fdrem."}}, {"model": "semstew.itemname", "pk": 13, "fields": {"item": 7, "language": 2, "price": 5, "name": "Beef goulash", "description": "Goulash with onion and dumplings."}}, {"model": "semstew.itemname", "pk": 14, "fields": {"item": 7, "language": 1, "price": 125, "name": "Hov\u011bz\u00ed gul\u00e1\u0161", "description": "Gul\u00e1\u0161 s hov\u011bz\u00edm a knedl\u00edky."}}, {"model": "semstew.itemname", "pk": 15, "fields": {"item": 8, "language": 2, "price": 6, "name": "Roast beef with american potatoes", "description": ""}}, {"model": "semstew.itemname", "pk": 16, "fields": {"item": 8, "language": 1, "price": 150, "name": "Roast beef s americk\u00fdmi bramborami", "description": ""}}, {"model": "semstew.itemname", "pk": 17, "fields": {"item": 9, "language": 2, "price": 5, "name": "Spaghetti carbonara", "description": "Spaghetti witch cheese sauce and parmezan."}}, {"model": "semstew.itemname", "pk": 18, "fields": {"item": 9, "language": 1, "price": 125, "name": "Spaghetti carbonara", "description": "Spaghetti se s\u00fdrovou om\u00e1\u010dkou a parmez\u00e1nem."}}, {"model": "semstew.itemname", "pk": 19, "fields": {"item": 10, "language": 2, "price": 6, "name": "Lasagne", "description": "Italien food with beef, tomatoes and mozzarella."}}, {"model": "semstew.itemname", "pk": 20, "fields": {"item": 10, "language": 1, "price": 150, "name": "Lasagne", "description": "Italsk\u00fd t\u011bstovinov\u00fd pokrm z hov\u011bz\u00edho masa s raj\u010daty a mozzarellou."}}, {"model": "semstew.itemname", "pk": 21, "fields": {"item": 11, "language": 2, "price": 5, "name": "Fried cheese", "description": "Fried eidam with french fries."}}, {"model": "semstew.itemname", "pk": 22, "fields": {"item": 11, "language": 1, "price": 125, "name": "Sma\u017een\u00fd s\u00fdr", "description": "Sma\u017een\u00fd eidam s hranolky."}}, {"model": "semstew.itemname", "pk": 23, "fields": {"item": 12, "language": 2, "price": 3, "name": "Scrambled eggs with bread", "description": ""}}, {"model": "semstew.itemname", "pk": 24, "fields": {"item": 12, "language": 1, "price": 75, "name": "M\u00edchan\u00e1 vaj\u00ed\u010dka s chlebem", "description": ""}}, {"model": "semstew.itemname", "pk": 25, "fields": {"item": 13, "language": 2, "price": 3, "name": "Panna cotta", "description": "Whippped cream with fruit."}}, {"model": "semstew.itemname", "pk": 26, "fields": {"item": 13, "language": 1, "price": 75, "name": "Panna cotta", "description": "Jemn\u00fd kr\u00e9m s ovocem."}}, {"model": "semstew.itemname", "pk": 27, "fields": {"item": 14, "language": 2, "price": 4, "name": "Pancakes", "description": "Pancakes with fruit and vanilla ice cream."}}, {"model": "semstew.itemname", "pk": 28, "fields": {"item": 14, "language": 1, "price": 100, "name": "Pala\u010dinky", "description": "Pala\u010dinky s ovocem a vanilkovou zmrzlinou."}}, {"model": "semstew.itemname", "pk": 29, "fields": {"item": 15, "language": 2, "price": 3, "name": "French fries", "description": ""}}, {"model": "semstew.itemname", "pk": 30, "fields": {"item": 15, "language": 1, "price": 75, "name": "Hranolky", "description": ""}}, {"model": "semstew.itemname", "pk": 31, "fields": {"item": 16, "language": 2, "price": 2, "name": "American potatoes", "description": ""}}, {"model": "semstew.itemname", "pk": 32, "fields": {"item": 16, "language": 1, "price": 50, "name": "Americk\u00fd brambor", "description": ""}}, {"model": "semstew.itemname", "pk": 33, "fields": {"item": 17, "language": 2, "price": 2, "name": "Orange juice", "description": ""}}, {"model": "semstew.itemname", "pk": 34, "fields": {"item": 17, "language": 1, "price": 50, "name": "Pomeran\u010dov\u00fd d\u017eus", "description": ""}}, {"model": "semstew.itemname", "pk": 35, "fields": {"item": 18, "language": 2, "price": 2, "name": "Apple juice", "description": ""}}, {"model": "semstew.itemname", "pk": 36, "fields": {"item": 18, "language": 1, "price": 50, "name": "Jable\u010dn\u00fd d\u017eus", "description": ""}}, {"model": "semstew.itemname", "pk": 37, "fields": {"item": 19, "language": 2, "price": 1, "name": "Green tea", "description": ""}}, {"model": "semstew.itemname", "pk": 38, "fields": {"item": 19, "language": 1, "price": 25, "name": "Zelen\u00fd \u010daj", "description": ""}}, {"model": "semstew.itemname", "pk": 39, "fields": {"item": 20, "language": 2, "price": 3, "name": "Absinth", "description": ""}}, {"model": "semstew.itemname", "pk": 40, "fields": {"item": 20, "language": 1, "price": 75, "name": "Absinth", "description": ""}}, {"model": "semstew.itemname", "pk": 41, "fields": {"item": 21, "language": 2, "price": 3, "name": "Jameson whiskey", "description": ""}}, {"model": "semstew.itemname", "pk": 42, "fields": {"item": 21, "language": 1, "price": 75, "name": "Jameson whiskey", "description": ""}}, {"model": "semstew.menuitem", "pk": 1, "fields": {"menu": 1, "item": 1}}, {"model": "semstew.menuitem", "pk": 2, "fields": {"menu": 1, "item": 2}}, {"model": "semstew.menuitem", "pk": 3, "fields": {"menu": 1, "item": 3}}, {"model": "semstew.menuitem", "pk": 4, "fields": {"menu": 1, "item": 4}}, {"model": "semstew.menuitem", "pk": 5, "fields": {"menu": 1, "item": 5}}, {"model": "semstew.menuitem", "pk": 6, "fields": {"menu": 1, "item": 6}}, {"model": "semstew.menuitem", "pk": 7, "fields": {"menu": 1, "item": 7}}, {"model": "semstew.menuitem", "pk": 8, "fields": {"menu": 1, "item": 8}}, {"model": "semstew.menuitem", "pk": 9, "fields": {"menu": 1, "item": 9}}, {"model": "semstew.menuitem", "pk": 10, "fields": {"menu": 1, "item": 10}}, {"model": "semstew.menuitem", "pk": 11, "fields": {"menu": 1, "item": 11}}, {"model": "semstew.menuitem", "pk": 12, "fields": {"menu": 1, "item": 12}}, {"model": "semstew.menuitem", "pk": 13, "fields": {"menu": 1, "item": 13}}, {"model": "semstew.menuitem", "pk": 14, "fields": {"menu": 1, "item": 14}}, {"model": "semstew.menuitem", "pk": 15, "fields": {"menu": 1, "item": 15}}, {"model": "semstew.menuitem", "pk": 16, "fields": {"menu": 1, "item": 16}}, {"model": "semstew.menuitem", "pk": 17, "fields": {"menu": 2, "item": 17}}, {"model": "semstew.menuitem", "pk": 18, "fields": {"menu": 2, "item": 18}}, {"model": "semstew.menuitem", "pk": 19, "fields": {"menu": 2, "item": 19}}, {"model": "semstew.menuitem", "pk": 20, "fields": {"menu": 2, "item": 20}}, {"model": "semstew.menuitem", "pk": 21, "fields": {"menu": 2, "item": 21}}, {"model": "semstew.allergen", "pk": 1, "fields": {}}, {"model": "semstew.allergen", "pk": 2, "fields": {}}, {"model": "semstew.allergen", "pk": 3, "fields": {}}, {"model": "semstew.allergen", "pk": 4, "fields": {}}, {"model": "semstew.allergen", "pk": 5, "fields": {}}, {"model": "semstew.allergen", "pk": 6, "fields": {}}, {"model": "semstew.allergen", "pk": 7, "fields": {}}, {"model": "semstew.allergen", "pk": 8, "fields": {}}, {"model": "semstew.allergen", "pk": 9, "fields": {}}, {"model": "semstew.allergen", "pk": 10, "fields": {}}, {"model": "semstew.allergen", "pk": 11, "fields": {}}, {"model": "semstew.allergen", "pk": 12, "fields": {}}, {"model": "semstew.allergen", "pk": 13, "fields": {}}, {"model": "semstew.allergen", "pk": 14, "fields": {}}, {"model": "semstew.allergenname", "pk": 1, "fields": {"allergen": 1, "language": 2, "name": "Celery"}}, {"model": "semstew.allergenname", "pk": 2, "fields": {"allergen": 2, "language": 2, "name": "Cereals containing gluten"}}, {"model": "semstew.allergenname", "pk": 3, "fields": {"allergen": 3, "language": 2, "name": "Crustaceans"}}, {"model": "semstew.allergenname", "pk": 4, "fields": {"allergen": 4, "language": 2, "name": "Eggs"}}, {"model": "semstew.allergenname", "pk": 5, "fields": {"allergen": 5, "language": 2, "name": "Fish"}}, {"model": "semstew.allergenname", "pk": 6, "fields": {"allergen": 6, "language": 2, "name": "Lupin"}}, {"model": "semstew.allergenname", "pk": 7, "fields": {"allergen": 7, "language": 2, "name": "Milk"}}, {"model": "semstew.allergenname", "pk": 8, "fields": {"allergen": 8, "language": 2, "name": "Molluscs"}}, {"model": "semstew.allergenname", "pk": 9, "fields": {"allergen": 9, "language": 2, "name": "Mustard"}}, {"model": "semstew.allergenname", "pk": 10, "fields": {"allergen": 10, "language": 2, "name": "Nuts"}}, {"model": "semstew.allergenname", "pk": 11, "fields": {"allergen": 11, "language": 2, "name": "Peanuts"}}, {"model": "semstew.allergenname", "pk": 12, "fields": {"allergen": 12, "language": 2, "name": "Sesame seeds"}}, {"model": "semstew.allergenname", "pk": 13, "fields": {"allergen": 13, "language": 2, "name": "Soya"}}, {"model": "semstew.allergenname", "pk": 14, "fields": {"allergen": 14, "language": 2, "name": "Sulphur dioxyde"}}, {"model": "semstew.allergenname", "pk": 15, "fields": {"allergen": 1, "language": 1, "name": "Celer"}}, {"model": "semstew.allergenname", "pk": 16, "fields": {"allergen": 2, "language": 1, "name": "Obiloviny obsahuj\u00edc\u00ed lepek"}}, {"model": "semstew.allergenname", "pk": 17, "fields": {"allergen": 3, "language": 1, "name": "Kor\u00fd\u0161i"}}, {"model": "semstew.allergenname", "pk": 18, "fields": {"allergen": 4, "language": 1, "name": "Vejce"}}, {"model": "semstew.allergenname", "pk": 19, "fields": {"allergen": 5, "language": 1, "name": "Ryby"}}, {"model": "semstew.allergenname", "pk": 20, "fields": {"allergen": 6, "language": 1, "name": "Vl\u010d\u00ed bob (lupina)"}}, {"model": "semstew.allergenname", "pk": 21, "fields": {"allergen": 7, "language": 1, "name": "Ml\u00e9ko"}}, {"model": "semstew.allergenname", "pk": 22, "fields": {"allergen": 8, "language": 1, "name": "M\u011bkk\u00fd\u0161i"}}, {"model": "semstew.allergenname", "pk": 23, "fields": {"allergen": 9, "language": 1, "name": "Ho\u0159cice"}}, {"model": "semstew.allergenname", "pk": 24, "fields": {"allergen": 10, "language": 1, "name": "O\u0159echy"}}, {"model": "semstew.allergenname", "pk": 25, "fields": {"allergen": 11, "language": 1, "name": "Ara\u0161\u00eddy"}}, {"model": "semstew.allergenname", "pk": 26, "fields": {"allergen": 12, "language": 1, "name": "Sezamov\u00e1 sem\u00ednka"}}, {"model": "semstew.allergenname", "pk": 27, "fields": {"allergen": 13, "language": 1, "name": "S\u00f3ja"}}, {"model": "semstew.allergenname", "pk": 28, "fields": {"allergen": 14, "language": 1, "name": "Oxid si\u0159i\u010dit\u00fd"}}, {"model": "semstew.orderitem", "pk": 1, "fields": {"order": 1, "item": 9}}, {"model": "semstew.orderitem", "pk": 2, "fields": {"order": 1, "item": 13}}, {"model": "semstew.itemallergen", "pk": 1, "fields": {"allergen": 7, "item": 6}}, {"model": "semstew.itemallergen", "pk": 2, "fields": {"allergen": 7, "item": 9}}, {"model": "semstew.itemallergen", "pk": 3, "fields": {"allergen": 7, "item": 10}}, {"model": "semstew.itemallergen", "pk": 4, "fields": {"allergen": 7, "item": 11}}, {"model": "semstew.itemallergen", "pk": 5, "fields": {"allergen": 4, "item": 12}}, {"model": "semstew.itemallergen", "pk": 6, "fields": {"allergen": 7, "item": 13}}, {"model": "semstew.itemallergen", "pk": 7, "fields": {"allergen": 7, "item": 14}}, {"model": "semstew.reservationconfig", "pk": 1, "fields": {"language": 2, "header": "Reservations", "table_number_text": "Table number", "time_from_text": "Time"}}, {"model": "semstew.reservationconfig", "pk": 2, "fields": {"language": 1, "header": "Rezervace", "table_number_text": "\u010c\u00edslo stolu", "time_from_text": "\u010cas rezervace"}}, {"model": "semstew.contactconfig", "pk": 1, "fields": {"language": 2, "header": "Contact", "description_text": "Description", "image_map": "", "image_restaurant": ""}}, {"model": "semstew.contactconfig", "pk": 2, "fields": {"language": 1, "header": "Kontakt", "description_text": "Popis", "image_map": "", "image_restaurant": ""}}, {"model": "semstew.contact", "pk": 1, "fields": {"contact_config": 1, "description": "Find us on FIT CVUT CZ!!!"}}, {"model": "semstew.contact", "pk": 2, "fields": {"contact_config": 2, "description": "Najdete n\u00e1s na FIT CVUT CZ!!!"}}, {"model": "semstew.aboutusconfig", "pk": 1, "fields": {"language": 2, "header": "About us", "description_text": "Description", "fotogallery_text": "Fotogallery"}}, {"model": "semstew.aboutusconfig", "pk": 2, "fields": {"language": 1, "header": "O n\u00e1s", "description_text": "Popis", "fotogallery_text": "Fotogalerie"}}, {"model": "semstew.aboutus", "pk": 1, "fields": {"aboutus_config": 1, "description": "We are the best"}}, {"model": "semstew.aboutus", "pk": 2, "fields": {"aboutus_config": 2, "description": "Jsme nejlep\u0161\u00ed"}}, {"model": "semstew.introconfig", "pk": 1, "fields": {"language": 2, "header": "Introduction", "introduction_text": "Welcome!\\nHere are some of recent events:", "news_text": "News and events"}}, {"model": "semstew.introconfig", "pk": 2, "fields": {"language": 1, "header": "\u00davod", "introduction_text": "V\u00edtejte!\\nZde jsou informace o aktu\u00e1ln\u00edch akc\u00edch:", "news_text": "Aktuality a akce"}}, {"model": "semstew.intro", "pk": 1, "fields": {"intro_config": 1, "introduction": "We are the net of restaurants."}}, {"model": "semstew.intro", "pk": 2, "fields": {"intro_config": 2, "introduction": "Jsme s\u00ed\u0165 restaurac\u00ed."}}, {"model": "auth.permission", "pk": 1, "fields": {"name": "Can add log entry", "content_type": 1, "codename": "add_logentry"}}, {"model": "auth.permission", "pk": 2, "fields": {"name": "Can change log entry", "content_type": 1, "codename": "change_logentry"}}, {"model": "auth.permission", "pk": 3, "fields": {"name": "Can delete log entry", "content_type": 1, "codename": "delete_logentry"}}, {"model": "auth.permission", "pk": 4, "fields": {"name": "Can view log entry", "content_type": 1, "codename": "view_logentry"}}, {"model": "auth.permission", "pk": 5, "fields": {"name": "Can add permission", "content_type": 2, "codename": "add_permission"}}, {"model": "auth.permission", "pk": 6, "fields": {"name": "Can change permission", "content_type": 2, "codename": "change_permission"}}, {"model": "auth.permission", "pk": 7, "fields": {"name": "Can delete permission", "content_type": 2, "codename": "delete_permission"}}, {"model": "auth.permission", "pk": 8, "fields": {"name": "Can view permission", "content_type": 2, "codename": "view_permission"}}, {"model": "auth.permission", "pk": 9, "fields": {"name": "Can add group", "content_type": 3, "codename": "add_group"}}, {"model": "auth.permission", "pk": 10, "fields": {"name": "Can change group", "content_type": 3, "codename": "change_group"}}, {"model": "auth.permission", "pk": 11, "fields": {"name": "Can delete group", "content_type": 3, "codename": "delete_group"}}, {"model": "auth.permission", "pk": 12, "fields": {"name": "Can view group", "content_type": 3, "codename": "view_group"}}, {"model": "auth.permission", "pk": 13, "fields": {"name": "Can add user", "content_type": 4, "codename": "add_user"}}, {"model": "auth.permission", "pk": 14, "fields": {"name": "Can change user", "content_type": 4, "codename": "change_user"}}, {"model": "auth.permission", "pk": 15, "fields": {"name": "Can delete user", "content_type": 4, "codename": "delete_user"}}, {"model": "auth.permission", "pk": 16, "fields": {"name": "Can view user", "content_type": 4, "codename": "view_user"}}, {"model": "auth.permission", "pk": 17, "fields": {"name": "Can add content type", "content_type": 5, "codename": "add_contenttype"}}, {"model": "auth.permission", "pk": 18, "fields": {"name": "Can change content type", "content_type": 5, "codename": "change_contenttype"}}, {"model": "auth.permission", "pk": 19, "fields": {"name": "Can delete content type", "content_type": 5, "codename": "delete_contenttype"}}, {"model": "auth.permission", "pk": 20, "fields": {"name": "Can view content type", "content_type": 5, "codename": "view_contenttype"}}, {"model": "auth.permission", "pk": 21, "fields": {"name": "Can add session", "content_type": 6, "codename": "add_session"}}, {"model": "auth.permission", "pk": 22, "fields": {"name": "Can change session", "content_type": 6, "codename": "change_session"}}, {"model": "auth.permission", "pk": 23, "fields": {"name": "Can delete session", "content_type": 6, "codename": "delete_session"}}, {"model": "auth.permission", "pk": 24, "fields": {"name": "Can view session", "content_type": 6, "codename": "view_session"}}, {"model": "auth.permission", "pk": 25, "fields": {"name": "Can add language", "content_type": 7, "codename": "add_language"}}, {"model": "auth.permission", "pk": 26, "fields": {"name": "Can change language", "content_type": 7, "codename": "change_language"}}, {"model": "auth.permission", "pk": 27, "fields": {"name": "Can delete language", "content_type": 7, "codename": "delete_language"}}, {"model": "auth.permission", "pk": 28, "fields": {"name": "Can view language", "content_type": 7, "codename": "view_language"}}, {"model": "auth.permission", "pk": 29, "fields": {"name": "Can add about us", "content_type": 8, "codename": "add_aboutus"}}, {"model": "auth.permission", "pk": 30, "fields": {"name": "Can change about us", "content_type": 8, "codename": "change_aboutus"}}, {"model": "auth.permission", "pk": 31, "fields": {"name": "Can delete about us", "content_type": 8, "codename": "delete_aboutus"}}, {"model": "auth.permission", "pk": 32, "fields": {"name": "Can view about us", "content_type": 8, "codename": "view_aboutus"}}, {"model": "auth.permission", "pk": 33, "fields": {"name": "Can add about us config", "content_type": 9, "codename": "add_aboutusconfig"}}, {"model": "auth.permission", "pk": 34, "fields": {"name": "Can change about us config", "content_type": 9, "codename": "change_aboutusconfig"}}, {"model": "auth.permission", "pk": 35, "fields": {"name": "Can delete about us config", "content_type": 9, "codename": "delete_aboutusconfig"}}, {"model": "auth.permission", "pk": 36, "fields": {"name": "Can view about us config", "content_type": 9, "codename": "view_aboutusconfig"}}, {"model": "auth.permission", "pk": 37, "fields": {"name": "Can add allergen", "content_type": 10, "codename": "add_allergen"}}, {"model": "auth.permission", "pk": 38, "fields": {"name": "Can change allergen", "content_type": 10, "codename": "change_allergen"}}, {"model": "auth.permission", "pk": 39, "fields": {"name": "Can delete allergen", "content_type": 10, "codename": "delete_allergen"}}, {"model": "auth.permission", "pk": 40, "fields": {"name": "Can view allergen", "content_type": 10, "codename": "view_allergen"}}, {"model": "auth.permission", "pk": 41, "fields": {"name": "Can add allergen name", "content_type": 11, "codename": "add_allergenname"}}, {"model": "auth.permission", "pk": 42, "fields": {"name": "Can change allergen name", "content_type": 11, "codename": "change_allergenname"}}, {"model": "auth.permission", "pk": 43, "fields": {"name": "Can delete allergen name", "content_type": 11, "codename": "delete_allergenname"}}, {"model": "auth.permission", "pk": 44, "fields": {"name": "Can view allergen name", "content_type": 11, "codename": "view_allergenname"}}, {"model": "auth.permission", "pk": 45, "fields": {"name": "Can add branch", "content_type": 12, "codename": "add_branch"}}, {"model": "auth.permission", "pk": 46, "fields": {"name": "Can change branch", "content_type": 12, "codename": "change_branch"}}, {"model": "auth.permission", "pk": 47, "fields": {"name": "Can delete branch", "content_type": 12, "codename": "delete_branch"}}, {"model": "auth.permission", "pk": 48, "fields": {"name": "Can view branch", "content_type": 12, "codename": "view_branch"}}, {"model": "auth.permission", "pk": 49, "fields": {"name": "Can add category", "content_type": 13, "codename": "add_category"}}, {"model": "auth.permission", "pk": 50, "fields": {"name": "Can change category", "content_type": 13, "codename": "change_category"}}, {"model": "auth.permission", "pk": 51, "fields": {"name": "Can delete category", "content_type": 13, "codename": "delete_category"}}, {"model": "auth.permission", "pk": 52, "fields": {"name": "Can view category", "content_type": 13, "codename": "view_category"}}, {"model": "auth.permission", "pk": 53, "fields": {"name": "Can add category name", "content_type": 14, "codename": "add_categoryname"}}, {"model": "auth.permission", "pk": 54, "fields": {"name": "Can change category name", "content_type": 14, "codename": "change_categoryname"}}, {"model": "auth.permission", "pk": 55, "fields": {"name": "Can delete category name", "content_type": 14, "codename": "delete_categoryname"}}, {"model": "auth.permission", "pk": 56, "fields": {"name": "Can view category name", "content_type": 14, "codename": "view_categoryname"}}, {"model": "auth.permission", "pk": 57, "fields": {"name": "Can add contact", "content_type": 15, "codename": "add_contact"}}, {"model": "auth.permission", "pk": 58, "fields": {"name": "Can change contact", "content_type": 15, "codename": "change_contact"}}, {"model": "auth.permission", "pk": 59, "fields": {"name": "Can delete contact", "content_type": 15, "codename": "delete_contact"}}, {"model": "auth.permission", "pk": 60, "fields": {"name": "Can view contact", "content_type": 15, "codename": "view_contact"}}, {"model": "auth.permission", "pk": 61, "fields": {"name": "Can add contact config", "content_type": 16, "codename": "add_contactconfig"}}, {"model": "auth.permission", "pk": 62, "fields": {"name": "Can change contact config", "content_type": 16, "codename": "change_contactconfig"}}, {"model": "auth.permission", "pk": 63, "fields": {"name": "Can delete contact config", "content_type": 16, "codename": "delete_contactconfig"}}, {"model": "auth.permission", "pk": 64, "fields": {"name": "Can view contact config", "content_type": 16, "codename": "view_contactconfig"}}, {"model": "auth.permission", "pk": 65, "fields": {"name": "Can add employee", "content_type": 17, "codename": "add_employee"}}, {"model": "auth.permission", "pk": 66, "fields": {"name": "Can change employee", "content_type": 17, "codename": "change_employee"}}, {"model": "auth.permission", "pk": 67, "fields": {"name": "Can delete employee", "content_type": 17, "codename": "delete_employee"}}, {"model": "auth.permission", "pk": 68, "fields": {"name": "Can view employee", "content_type": 17, "codename": "view_employee"}}, {"model": "auth.permission", "pk": 69, "fields": {"name": "Can add intro", "content_type": 18, "codename": "add_intro"}}, {"model": "auth.permission", "pk": 70, "fields": {"name": "Can change intro", "content_type": 18, "codename": "change_intro"}}, {"model": "auth.permission", "pk": 71, "fields": {"name": "Can delete intro", "content_type": 18, "codename": "delete_intro"}}, {"model": "auth.permission", "pk": 72, "fields": {"name": "Can view intro", "content_type": 18, "codename": "view_intro"}}, {"model": "auth.permission", "pk": 73, "fields": {"name": "Can add intro config", "content_type": 19, "codename": "add_introconfig"}}, {"model": "auth.permission", "pk": 74, "fields": {"name": "Can change intro config", "content_type": 19, "codename": "change_introconfig"}}, {"model": "auth.permission", "pk": 75, "fields": {"name": "Can delete intro config", "content_type": 19, "codename": "delete_introconfig"}}, {"model": "auth.permission", "pk": 76, "fields": {"name": "Can view intro config", "content_type": 19, "codename": "view_introconfig"}}, {"model": "auth.permission", "pk": 77, "fields": {"name": "Can add item", "content_type": 20, "codename": "add_item"}}, {"model": "auth.permission", "pk": 78, "fields": {"name": "Can change item", "content_type": 20, "codename": "change_item"}}, {"model": "auth.permission", "pk": 79, "fields": {"name": "Can delete item", "content_type": 20, "codename": "delete_item"}}, {"model": "auth.permission", "pk": 80, "fields": {"name": "Can view item", "content_type": 20, "codename": "view_item"}}, {"model": "auth.permission", "pk": 81, "fields": {"name": "Can add item allergen", "content_type": 21, "codename": "add_itemallergen"}}, {"model": "auth.permission", "pk": 82, "fields": {"name": "Can change item allergen", "content_type": 21, "codename": "change_itemallergen"}}, {"model": "auth.permission", "pk": 83, "fields": {"name": "Can delete item allergen", "content_type": 21, "codename": "delete_itemallergen"}}, {"model": "auth.permission", "pk": 84, "fields": {"name": "Can view item allergen", "content_type": 21, "codename": "view_itemallergen"}}, {"model": "auth.permission", "pk": 85, "fields": {"name": "Can add item name", "content_type": 22, "codename": "add_itemname"}}, {"model": "auth.permission", "pk": 86, "fields": {"name": "Can change item name", "content_type": 22, "codename": "change_itemname"}}, {"model": "auth.permission", "pk": 87, "fields": {"name": "Can delete item name", "content_type": 22, "codename": "delete_itemname"}}, {"model": "auth.permission", "pk": 88, "fields": {"name": "Can view item name", "content_type": 22, "codename": "view_itemname"}}, {"model": "auth.permission", "pk": 89, "fields": {"name": "Can add main pictures", "content_type": 23, "codename": "add_mainpictures"}}, {"model": "auth.permission", "pk": 90, "fields": {"name": "Can change main pictures", "content_type": 23, "codename": "change_mainpictures"}}, {"model": "auth.permission", "pk": 91, "fields": {"name": "Can delete main pictures", "content_type": 23, "codename": "delete_mainpictures"}}, {"model": "auth.permission", "pk": 92, "fields": {"name": "Can view main pictures", "content_type": 23, "codename": "view_mainpictures"}}, {"model": "auth.permission", "pk": 93, "fields": {"name": "Can add menu", "content_type": 24, "codename": "add_menu"}}, {"model": "auth.permission", "pk": 94, "fields": {"name": "Can change menu", "content_type": 24, "codename": "change_menu"}}, {"model": "auth.permission", "pk": 95, "fields": {"name": "Can delete menu", "content_type": 24, "codename": "delete_menu"}}, {"model": "auth.permission", "pk": 96, "fields": {"name": "Can view menu", "content_type": 24, "codename": "view_menu"}}, {"model": "auth.permission", "pk": 97, "fields": {"name": "Can add menu item", "content_type": 25, "codename": "add_menuitem"}}, {"model": "auth.permission", "pk": 98, "fields": {"name": "Can change menu item", "content_type": 25, "codename": "change_menuitem"}}, {"model": "auth.permission", "pk": 99, "fields": {"name": "Can delete menu item", "content_type": 25, "codename": "delete_menuitem"}}, {"model": "auth.permission", "pk": 100, "fields": {"name": "Can view menu item", "content_type": 25, "codename": "view_menuitem"}}, {"model": "auth.permission", "pk": 101, "fields": {"name": "Can add menu name", "content_type": 26, "codename": "add_menuname"}}, {"model": "auth.permission", "pk": 102, "fields": {"name": "Can change menu name", "content_type": 26, "codename": "change_menuname"}}, {"model": "auth.permission", "pk": 103, "fields": {"name": "Can delete menu name", "content_type": 26, "codename": "delete_menuname"}}, {"model": "auth.permission", "pk": 104, "fields": {"name": "Can view menu name", "content_type": 26, "codename": "view_menuname"}}, {"model": "auth.permission", "pk": 105, "fields": {"name": "Can add new", "content_type": 27, "codename": "add_new"}}, {"model": "auth.permission", "pk": 106, "fields": {"name": "Can change new", "content_type": 27, "codename": "change_new"}}, {"model": "auth.permission", "pk": 107, "fields": {"name": "Can delete new", "content_type": 27, "codename": "delete_new"}}, {"model": "auth.permission", "pk": 108, "fields": {"name": "Can view new", "content_type": 27, "codename": "view_new"}}, {"model": "auth.permission", "pk": 109, "fields": {"name": "Can add new name", "content_type": 28, "codename": "add_newname"}}, {"model": "auth.permission", "pk": 110, "fields": {"name": "Can change new name", "content_type": 28, "codename": "change_newname"}}, {"model": "auth.permission", "pk": 111, "fields": {"name": "Can delete new name", "content_type": 28, "codename": "delete_newname"}}, {"model": "auth.permission", "pk": 112, "fields": {"name": "Can view new name", "content_type": 28, "codename": "view_newname"}}, {"model": "auth.permission", "pk": 113, "fields": {"name": "Can add order", "content_type": 29, "codename": "add_order"}}, {"model": "auth.permission", "pk": 114, "fields": {"name": "Can change order", "content_type": 29, "codename": "change_order"}}, {"model": "auth.permission", "pk": 115, "fields": {"name": "Can delete order", "content_type": 29, "codename": "delete_order"}}, {"model": "auth.permission", "pk": 116, "fields": {"name": "Can view order", "content_type": 29, "codename": "view_order"}}, {"model": "auth.permission", "pk": 117, "fields": {"name": "Can add order item", "content_type": 30, "codename": "add_orderitem"}}, {"model": "auth.permission", "pk": 118, "fields": {"name": "Can change order item", "content_type": 30, "codename": "change_orderitem"}}, {"model": "auth.permission", "pk": 119, "fields": {"name": "Can delete order item", "content_type": 30, "codename": "delete_orderitem"}}, {"model": "auth.permission", "pk": 120, "fields": {"name": "Can view order item", "content_type": 30, "codename": "view_orderitem"}}, {"model": "auth.permission", "pk": 121, "fields": {"name": "Can add reservation", "content_type": 31, "codename": "add_reservation"}}, {"model": "auth.permission", "pk": 122, "fields": {"name": "Can change reservation", "content_type": 31, "codename": "change_reservation"}}, {"model": "auth.permission", "pk": 123, "fields": {"name": "Can delete reservation", "content_type": 31, "codename": "delete_reservation"}}, {"model": "auth.permission", "pk": 124, "fields": {"name": "Can view reservation", "content_type": 31, "codename": "view_reservation"}}, {"model": "auth.permission", "pk": 125, "fields": {"name": "Can add reservation config", "content_type": 32, "codename": "add_reservationconfig"}}, {"model": "auth.permission", "pk": 126, "fields": {"name": "Can change reservation config", "content_type": 32, "codename": "change_reservationconfig"}}, {"model": "auth.permission", "pk": 127, "fields": {"name": "Can delete reservation config", "content_type": 32, "codename": "delete_reservationconfig"}}, {"model": "auth.permission", "pk": 128, "fields": {"name": "Can view reservation config", "content_type": 32, "codename": "view_reservationconfig"}}, {"model": "auth.permission", "pk": 129, "fields": {"name": "Can add restaurant", "content_type": 33, "codename": "add_restaurant"}}, {"model": "auth.permission", "pk": 130, "fields": {"name": "Can change restaurant", "content_type": 33, "codename": "change_restaurant"}}, {"model": "auth.permission", "pk": 131, "fields": {"name": "Can delete restaurant", "content_type": 33, "codename": "delete_restaurant"}}, {"model": "auth.permission", "pk": 132, "fields": {"name": "Can view restaurant", "content_type": 33, "codename": "view_restaurant"}}, {"model": "auth.permission", "pk": 133, "fields": {"name": "Can add role", "content_type": 34, "codename": "add_role"}}, {"model": "auth.permission", "pk": 134, "fields": {"name": "Can change role", "content_type": 34, "codename": "change_role"}}, {"model": "auth.permission", "pk": 135, "fields": {"name": "Can delete role", "content_type": 34, "codename": "delete_role"}}, {"model": "auth.permission", "pk": 136, "fields": {"name": "Can view role", "content_type": 34, "codename": "view_role"}}, {"model": "auth.permission", "pk": 137, "fields": {"name": "Can add unit", "content_type": 35, "codename": "add_unit"}}, {"model": "auth.permission", "pk": 138, "fields": {"name": "Can change unit", "content_type": 35, "codename": "change_unit"}}, {"model": "auth.permission", "pk": 139, "fields": {"name": "Can delete unit", "content_type": 35, "codename": "delete_unit"}}, {"model": "auth.permission", "pk": 140, "fields": {"name": "Can view unit", "content_type": 35, "codename": "view_unit"}}, {"model": "auth.permission", "pk": 141, "fields": {"name": "Can add unit name", "content_type": 36, "codename": "add_unitname"}}, {"model": "auth.permission", "pk": 142, "fields": {"name": "Can change unit name", "content_type": 36, "codename": "change_unitname"}}, {"model": "auth.permission", "pk": 143, "fields": {"name": "Can delete unit name", "content_type": 36, "codename": "delete_unitname"}}, {"model": "auth.permission", "pk": 144, "fields": {"name": "Can view unit name", "content_type": 36, "codename": "view_unitname"}}, {"model": "auth.permission", "pk": 145, "fields": {"name": "Can add order config", "content_type": 37, "codename": "add_orderconfig"}}, {"model": "auth.permission", "pk": 146, "fields": {"name": "Can change order config", "content_type": 37, "codename": "change_orderconfig"}}, {"model": "auth.permission", "pk": 147, "fields": {"name": "Can delete order config", "content_type": 37, "codename": "delete_orderconfig"}}, {"model": "auth.permission", "pk": 148, "fields": {"name": "Can view order config", "content_type": 37, "codename": "view_orderconfig"}}, {"model": "auth.user", "pk": 1, "fields": {"password": "pbkdf2_sha256$120000$g76na0Oyx7X0$Z3FI76B5KACtgaTii1MhmFtymJ0hTwgngxaFjmugV7Q=", "last_login": "2019-02-10T15:36:28.333Z", "is_superuser": true, "username": "admin", "first_name": "", "last_name": "", "email": "admin@admin.org", "is_staff": true, "is_active": true, "date_joined": "2018-12-19T12:44:34.729Z", "groups": [], "user_permissions": []}}, {"model": "semstew.restaurant", "pk": 1, "fields": {"admin": 1, "name": "Dream restaurant", "ico": 25857509, "image": "dream_Team_Logo.png"}}, {"model": "admin.logentry", "pk": 1, "fields": {"action_time": "2018-12-28T14:21:34.756Z", "user": 1, "content_type": 7, "object_id": "1", "object_repr": "\u010ce\u0161tina", "action_flag": 1, "change_message": "[{\"added\": {}}]"}}, {"model": "admin.logentry", "pk": 2, "fields": {"action_time": "2018-12-28T14:21:41.291Z", "user": 1, "content_type": 7, "object_id": "2", "object_repr": "English", "action_flag": 1, "change_message": "[{\"added\": {}}]"}}, {"model": "admin.logentry", "pk": 3, "fields": {"action_time": "2018-12-28T14:24:32.659Z", "user": 1, "content_type": 33, "object_id": "1", "object_repr": "Dream restaurant", "action_flag": 1, "change_message": "[{\"added\": {}}]"}}, {"model": "admin.logentry", "pk": 4, "fields": {"action_time": "2018-12-28T14:26:32.745Z", "user": 1, "content_type": 12, "object_id": "1", "object_repr": "Dream restaurant - Th\u00e1kurova 1516", "action_flag": 1, "change_message": "[{\"added\": {}}]"}}, {"model": "admin.logentry", "pk": 5, "fields": {"action_time": "2018-12-28T14:27:43.354Z", "user": 1, "content_type": 34, "object_id": "1", "object_repr": "Majitel", "action_flag": 1, "change_message": "[{\"added\": {}}]"}}, {"model": "admin.logentry", "pk": 6, "fields": {"action_time": "2018-12-28T14:27:54.575Z", "user": 1, "content_type": 34, "object_id": "2", "object_repr": "Kucha\u0159/ka", "action_flag": 1, "change_message": "[{\"added\": {}}]"}}, {"model": "admin.logentry", "pk": 7, "fields": {"action_time": "2018-12-28T14:28:02.839Z", "user": 1, "content_type": 34, "object_id": "3", "object_repr": "Obsluha", "action_flag": 1, "change_message": "[{\"added\": {}}]"}}, {"model": "admin.logentry", "pk": 8, "fields": {"action_time": "2018-12-28T14:28:07.571Z", "user": 1, "content_type": 34, "object_id": "4", "object_repr": "\u00da\u010detn\u00ed", "action_flag": 1, "change_message": "[{\"added\": {}}]"}}, {"model": "admin.logentry", "pk": 9, "fields": {"action_time": "2018-12-28T14:47:08.621Z", "user": 1, "content_type": 13, "object_id": "1", "object_repr": "Category 1", "action_flag": 1, "change_message": "[{\"added\": {}}]"}}, {"model": "admin.logentry", "pk": 10, "fields": {"action_time": "2018-12-28T14:47:11.932Z", "user": 1, "content_type": 13, "object_id": "2", "object_repr": "Category 2", "action_flag": 1, "change_message": "[{\"added\": {}}]"}}, {"model": "admin.logentry", "pk": 11, "fields": {"action_time": "2018-12-28T14:47:12.739Z", "user": 1, "content_type": 13, "object_id": "3", "object_repr": "Category 3", "action_flag": 1, "change_message": "[{\"added\": {}}]"}}, {"model": "admin.logentry", "pk": 12, "fields": {"action_time": "2018-12-28T14:47:13.561Z", "user": 1, "content_type": 13, "object_id": "4", "object_repr": "Category 4", "action_flag": 1, "change_message": "[{\"added\": {}}]"}}, {"model": "admin.logentry", "pk": 13, "fields": {"action_time": "2018-12-28T14:47:14.438Z", "user": 1, "content_type": 13, "object_id": "5", "object_repr": "Category 5", "action_flag": 1, "change_message": "[{\"added\": {}}]"}}, {"model": "admin.logentry", "pk": 14, "fields": {"action_time": "2018-12-28T14:47:15.359Z", "user": 1, "content_type": 13, "object_id": "6", "object_repr": "Category 6", "action_flag": 1, "change_message": "[{\"added\": {}}]"}}, {"model": "admin.logentry", "pk": 15, "fields": {"action_time": "2018-12-28T14:47:16.272Z", "user": 1, "content_type": 13, "object_id": "7", "object_repr": "Category 7", "action_flag": 1, "change_message": "[{\"added\": {}}]"}}, {"model": "admin.logentry", "pk": 16, "fields": {"action_time": "2018-12-28T14:47:17.162Z", "user": 1, "content_type": 13, "object_id": "8", "object_repr": "Category 8", "action_flag": 1, "change_message": "[{\"added\": {}}]"}}, {"model": "admin.logentry", "pk": 17, "fields": {"action_time": "2018-12-28T14:47:17.876Z", "user": 1, "content_type": 13, "object_id": "9", "object_repr": "Category 9", "action_flag": 1, "change_message": "[{\"added\": {}}]"}}, {"model": "admin.logentry", "pk": 18, "fields": {"action_time": "2018-12-28T14:47:18.509Z", "user": 1, "content_type": 13, "object_id": "10", "object_repr": "Category 10", "action_flag": 1, "change_message": "[{\"added\": {}}]"}}, {"model": "admin.logentry", "pk": 19, "fields": {"action_time": "2018-12-28T14:47:19.206Z", "user": 1, "content_type": 13, "object_id": "11", "object_repr": "Category 11", "action_flag": 1, "change_message": "[{\"added\": {}}]"}}, {"model": "admin.logentry", "pk": 20, "fields": {"action_time": "2018-12-28T14:47:19.847Z", "user": 1, "content_type": 13, "object_id": "12", "object_repr": "Category 12", "action_flag": 1, "change_message": "[{\"added\": {}}]"}}, {"model": "admin.logentry", "pk": 21, "fields": {"action_time": "2018-12-28T14:47:20.515Z", "user": 1, "content_type": 13, "object_id": "13", "object_repr": "Category 13", "action_flag": 1, "change_message": "[{\"added\": {}}]"}}, {"model": "admin.logentry", "pk": 22, "fields": {"action_time": "2018-12-28T14:47:21.098Z", "user": 1, "content_type": 13, "object_id": "14", "object_repr": "Category 14", "action_flag": 1, "change_message": "[{\"added\": {}}]"}}, {"model": "admin.logentry", "pk": 23, "fields": {"action_time": "2018-12-28T14:47:21.652Z", "user": 1, "content_type": 13, "object_id": "15", "object_repr": "Category 15", "action_flag": 1, "change_message": "[{\"added\": {}}]"}}, {"model": "admin.logentry", "pk": 24, "fields": {"action_time": "2018-12-28T14:47:22.231Z", "user": 1, "content_type": 13, "object_id": "16", "object_repr": "Category 16", "action_flag": 1, "change_message": "[{\"added\": {}}]"}}, {"model": "admin.logentry", "pk": 25, "fields": {"action_time": "2018-12-28T14:47:22.811Z", "user": 1, "content_type": 13, "object_id": "17", "object_repr": "Category 17", "action_flag": 1, "change_message": "[{\"added\": {}}]"}}, {"model": "admin.logentry", "pk": 26, "fields": {"action_time": "2018-12-28T14:47:23.358Z", "user": 1, "content_type": 13, "object_id": "18", "object_repr": "Category 18", "action_flag": 1, "change_message": "[{\"added\": {}}]"}}, {"model": "admin.logentry", "pk": 27, "fields": {"action_time": "2018-12-28T14:47:23.923Z", "user": 1, "content_type": 13, "object_id": "19", "object_repr": "Category 19", "action_flag": 1, "change_message": "[{\"added\": {}}]"}}, {"model": "admin.logentry", "pk": 28, "fields": {"action_time": "2018-12-28T14:47:24.509Z", "user": 1, "content_type": 13, "object_id": "20", "object_repr": "Category 20", "action_flag": 1, "change_message": "[{\"added\": {}}]"}}, {"model": "admin.logentry", "pk": 29, "fields": {"action_time": "2018-12-28T14:48:58.630Z", "user": 1, "content_type": 13, "object_id": "3", "object_repr": "Category 3", "action_flag": 2, "change_message": "[{\"changed\": {\"fields\": [\"parent_category\"]}}]"}}, {"model": "admin.logentry", "pk": 30, "fields": {"action_time": "2018-12-28T14:49:18.620Z", "user": 1, "content_type": 13, "object_id": "4", "object_repr": "Category 4", "action_flag": 2, "change_message": "[{\"changed\": {\"fields\": [\"parent_category\"]}}]"}}, {"model": "admin.logentry", "pk": 31, "fields": {"action_time": "2018-12-28T14:49:28.936Z", "user": 1, "content_type": 13, "object_id": "5", "object_repr": "Category 5", "action_flag": 2, "change_message": "[{\"changed\": {\"fields\": [\"parent_category\"]}}]"}}, {"model": "admin.logentry", "pk": 32, "fields": {"action_time": "2018-12-28T14:49:38.522Z", "user": 1, "content_type": 13, "object_id": "6", "object_repr": "Category 6", "action_flag": 2, "change_message": "[{\"changed\": {\"fields\": [\"parent_category\"]}}]"}}, {"model": "admin.logentry", "pk": 33, "fields": {"action_time": "2018-12-28T14:49:47.900Z", "user": 1, "content_type": 13, "object_id": "7", "object_repr": "Category 7", "action_flag": 2, "change_message": "[{\"changed\": {\"fields\": [\"parent_category\"]}}]"}}, {"model": "admin.logentry", "pk": 34, "fields": {"action_time": "2018-12-28T14:49:53.230Z", "user": 1, "content_type": 13, "object_id": "8", "object_repr": "Category 8", "action_flag": 2, "change_message": "[{\"changed\": {\"fields\": [\"parent_category\"]}}]"}}, {"model": "admin.logentry", "pk": 35, "fields": {"action_time": "2018-12-28T14:49:58.452Z", "user": 1, "content_type": 13, "object_id": "9", "object_repr": "Category 9", "action_flag": 2, "change_message": "[{\"changed\": {\"fields\": [\"parent_category\"]}}]"}}, {"model": "admin.logentry", "pk": 36, "fields": {"action_time": "2018-12-28T14:50:04.349Z", "user": 1, "content_type": 13, "object_id": "10", "object_repr": "Category 10", "action_flag": 2, "change_message": "[{\"changed\": {\"fields\": [\"parent_category\"]}}]"}}, {"model": "admin.logentry", "pk": 37, "fields": {"action_time": "2018-12-28T14:50:09.182Z", "user": 1, "content_type": 13, "object_id": "11", "object_repr": "Category 11", "action_flag": 2, "change_message": "[{\"changed\": {\"fields\": [\"parent_category\"]}}]"}}, {"model": "admin.logentry", "pk": 38, "fields": {"action_time": "2018-12-28T14:50:13.614Z", "user": 1, "content_type": 13, "object_id": "12", "object_repr": "Category 12", "action_flag": 2, "change_message": "[{\"changed\": {\"fields\": [\"parent_category\"]}}]"}}, {"model": "admin.logentry", "pk": 39, "fields": {"action_time": "2018-12-28T14:50:17.459Z", "user": 1, "content_type": 13, "object_id": "13", "object_repr": "Category 13", "action_flag": 2, "change_message": "[{\"changed\": {\"fields\": [\"parent_category\"]}}]"}}, {"model": "admin.logentry", "pk": 40, "fields": {"action_time": "2018-12-28T14:50:29.272Z", "user": 1, "content_type": 13, "object_id": "14", "object_repr": "Category 14", "action_flag": 2, "change_message": "[{\"changed\": {\"fields\": [\"parent_category\"]}}]"}}, {"model": "admin.logentry", "pk": 41, "fields": {"action_time": "2018-12-28T14:50:35.167Z", "user": 1, "content_type": 13, "object_id": "15", "object_repr": "Category 15", "action_flag": 2, "change_message": "[{\"changed\": {\"fields\": [\"parent_category\"]}}]"}}, {"model": "admin.logentry", "pk": 42, "fields": {"action_time": "2018-12-28T14:50:39.490Z", "user": 1, "content_type": 13, "object_id": "16", "object_repr": "Category 16", "action_flag": 2, "change_message": "[{\"changed\": {\"fields\": [\"parent_category\"]}}]"}}, {"model": "admin.logentry", "pk": 43, "fields": {"action_time": "2018-12-28T14:50:49.766Z", "user": 1, "content_type": 13, "object_id": "17", "object_repr": "Category 17", "action_flag": 2, "change_message": "[{\"changed\": {\"fields\": [\"parent_category\"]}}]"}}, {"model": "admin.logentry", "pk": 44, "fields": {"action_time": "2018-12-28T14:50:53.617Z", "user": 1, "content_type": 13, "object_id": "18", "object_repr": "Category 18", "action_flag": 2, "change_message": "[{\"changed\": {\"fields\": [\"parent_category\"]}}]"}}, {"model": "admin.logentry", "pk": 45, "fields": {"action_time": "2018-12-28T14:50:57.710Z", "user": 1, "content_type": 13, "object_id": "19", "object_repr": "Category 19", "action_flag": 2, "change_message": "[{\"changed\": {\"fields\": [\"parent_category\"]}}]"}}, {"model": "admin.logentry", "pk": 46, "fields": {"action_time": "2018-12-28T14:51:04.980Z", "user": 1, "content_type": 13, "object_id": "20", "object_repr": "Category 20", "action_flag": 2, "change_message": "[{\"changed\": {\"fields\": [\"parent_category\"]}}]"}}, {"model": "admin.logentry", "pk": 47, "fields": {"action_time": "2018-12-28T14:51:40.055Z", "user": 1, "content_type": 14, "object_id": "1", "object_repr": "Food", "action_flag": 1, "change_message": "[{\"added\": {}}]"}}, {"model": "admin.logentry", "pk": 48, "fields": {"action_time": "2018-12-28T14:51:56.185Z", "user": 1, "content_type": 14, "object_id": "2", "object_repr": "J\u00eddlo", "action_flag": 1, "change_message": "[{\"added\": {}}]"}}, {"model": "admin.logentry", "pk": 49, "fields": {"action_time": "2018-12-28T14:52:09.787Z", "user": 1, "content_type": 14, "object_id": "3", "object_repr": "Beverages", "action_flag": 1, "change_message": "[{\"added\": {}}]"}}, {"model": "admin.logentry", "pk": 50, "fields": {"action_time": "2018-12-28T14:52:19.839Z", "user": 1, "content_type": 14, "object_id": "4", "object_repr": "N\u00e1poje", "action_flag": 1, "change_message": "[{\"added\": {}}]"}}, {"model": "admin.logentry", "pk": 51, "fields": {"action_time": "2018-12-28T14:52:50.069Z", "user": 1, "content_type": 14, "object_id": "5", "object_repr": "Starters", "action_flag": 1, "change_message": "[{\"added\": {}}]"}}, {"model": "admin.logentry", "pk": 52, "fields": {"action_time": "2018-12-28T14:53:09.716Z", "user": 1, "content_type": 14, "object_id": "6", "object_repr": "P\u0159edkrmy", "action_flag": 1, "change_message": "[{\"added\": {}}]"}}, {"model": "admin.logentry", "pk": 53, "fields": {"action_time": "2018-12-28T14:53:20.956Z", "user": 1, "content_type": 14, "object_id": "7", "object_repr": "Soups", "action_flag": 1, "change_message": "[{\"added\": {}}]"}}, {"model": "admin.logentry", "pk": 54, "fields": {"action_time": "2018-12-28T14:53:31.635Z", "user": 1, "content_type": 14, "object_id": "8", "object_repr": "Pol\u00e9vky", "action_flag": 1, "change_message": "[{\"added\": {}}]"}}, {"model": "admin.logentry", "pk": 55, "fields": {"action_time": "2018-12-28T14:53:43.154Z", "user": 1, "content_type": 14, "object_id": "9", "object_repr": "Salads", "action_flag": 1, "change_message": "[{\"added\": {}}]"}}, {"model": "admin.logentry", "pk": 56, "fields": {"action_time": "2018-12-28T14:53:56.545Z", "user": 1, "content_type": 14, "object_id": "10", "object_repr": "Sal\u00e1ty", "action_flag": 1, "change_message": "[{\"added\": {}}]"}}, {"model": "admin.logentry", "pk": 57, "fields": {"action_time": "2018-12-28T14:54:08.668Z", "user": 1, "content_type": 14, "object_id": "11", "object_repr": "Traditional cousine", "action_flag": 1, "change_message": "[{\"added\": {}}]"}}, {"model": "admin.logentry", "pk": 58, "fields": {"action_time": "2018-12-28T14:54:25.099Z", "user": 1, "content_type": 14, "object_id": "12", "object_repr": "Tradi\u010dn\u00ed kuchyn\u011b", "action_flag": 1, "change_message": "[{\"added\": {}}]"}}, {"model": "admin.logentry", "pk": 59, "fields": {"action_time": "2018-12-28T14:54:47.588Z", "user": 1, "content_type": 14, "object_id": "13", "object_repr": "Pasta", "action_flag": 1, "change_message": "[{\"added\": {}}]"}}, {"model": "admin.logentry", "pk": 60, "fields": {"action_time": "2018-12-28T14:55:01.299Z", "user": 1, "content_type": 14, "object_id": "14", "object_repr": "T\u011bstoviny", "action_flag": 1, "change_message": "[{\"added\": {}}]"}}, {"model": "admin.logentry", "pk": 61, "fields": {"action_time": "2018-12-28T14:55:16.986Z", "user": 1, "content_type": 14, "object_id": "15", "object_repr": "Specialities", "action_flag": 1, "change_message": "[{\"added\": {}}]"}}, {"model": "admin.logentry", "pk": 62, "fields": {"action_time": "2018-12-28T14:55:29.777Z", "user": 1, "content_type": 14, "object_id": "16", "object_repr": "Speciality", "action_flag": 1, "change_message": "[{\"added\": {}}]"}}, {"model": "admin.logentry", "pk": 63, "fields": {"action_time": "2018-12-28T14:55:49.896Z", "user": 1, "content_type": 14, "object_id": "17", "object_repr": "Vegetarian", "action_flag": 1, "change_message": "[{\"added\": {}}]"}}, {"model": "admin.logentry", "pk": 64, "fields": {"action_time": "2018-12-28T14:56:03.440Z", "user": 1, "content_type": 14, "object_id": "18", "object_repr": "Bezmas\u00e1 j\u00eddla", "action_flag": 1, "change_message": "[{\"added\": {}}]"}}, {"model": "admin.logentry", "pk": 65, "fields": {"action_time": "2018-12-28T14:56:17.015Z", "user": 1, "content_type": 14, "object_id": "19", "object_repr": "For kids", "action_flag": 1, "change_message": "[{\"added\": {}}]"}}, {"model": "admin.logentry", "pk": 66, "fields": {"action_time": "2018-12-28T14:56:34.075Z", "user": 1, "content_type": 14, "object_id": "20", "object_repr": "Pro d\u011bti", "action_flag": 1, "change_message": "[{\"added\": {}}]"}}, {"model": "admin.logentry", "pk": 67, "fields": {"action_time": "2018-12-28T14:56:47.600Z", "user": 1, "content_type": 14, "object_id": "21", "object_repr": "Desserts", "action_flag": 1, "change_message": "[{\"added\": {}}]"}}, {"model": "admin.logentry", "pk": 68, "fields": {"action_time": "2018-12-28T14:56:56.051Z", "user": 1, "content_type": 14, "object_id": "22", "object_repr": "Dezerty", "action_flag": 1, "change_message": "[{\"added\": {}}]"}}, {"model": "admin.logentry", "pk": 69, "fields": {"action_time": "2018-12-28T14:57:17.121Z", "user": 1, "content_type": 14, "object_id": "23", "object_repr": "Side dishes", "action_flag": 1, "change_message": "[{\"added\": {}}]"}}, {"model": "admin.logentry", "pk": 70, "fields": {"action_time": "2018-12-28T14:57:30.570Z", "user": 1, "content_type": 14, "object_id": "24", "object_repr": "P\u0159\u00edlohy", "action_flag": 1, "change_message": "[{\"added\": {}}]"}}, {"model": "admin.logentry", "pk": 71, "fields": {"action_time": "2018-12-28T14:57:42.327Z", "user": 1, "content_type": 14, "object_id": "25", "object_repr": "Sauces", "action_flag": 1, "change_message": "[{\"added\": {}}]"}}, {"model": "admin.logentry", "pk": 72, "fields": {"action_time": "2018-12-28T14:57:53.304Z", "user": 1, "content_type": 14, "object_id": "26", "object_repr": "Om\u00e1\u010dky", "action_flag": 1, "change_message": "[{\"added\": {}}]"}}, {"model": "admin.logentry", "pk": 73, "fields": {"action_time": "2018-12-28T14:58:07.202Z", "user": 1, "content_type": 14, "object_id": "27", "object_repr": "Alcohol free", "action_flag": 1, "change_message": "[{\"added\": {}}]"}}, {"model": "admin.logentry", "pk": 74, "fields": {"action_time": "2018-12-28T14:58:20.525Z", "user": 1, "content_type": 14, "object_id": "28", "object_repr": "Nealkoholick\u00e9 n\u00e1poje", "action_flag": 1, "change_message": "[{\"added\": {}}]"}}, {"model": "admin.logentry", "pk": 75, "fields": {"action_time": "2018-12-28T14:58:31.644Z", "user": 1, "content_type": 14, "object_id": "29", "object_repr": "Warm beverages", "action_flag": 1, "change_message": "[{\"added\": {}}]"}}, {"model": "admin.logentry", "pk": 76, "fields": {"action_time": "2018-12-28T14:58:43.175Z", "user": 1, "content_type": 14, "object_id": "30", "object_repr": "Tepl\u00e9 n\u00e1poje", "action_flag": 1, "change_message": "[{\"added\": {}}]"}}, {"model": "admin.logentry", "pk": 77, "fields": {"action_time": "2018-12-28T14:58:54.244Z", "user": 1, "content_type": 14, "object_id": "31", "object_repr": "Apperitives", "action_flag": 1, "change_message": "[{\"added\": {}}]"}}, {"model": "admin.logentry", "pk": 78, "fields": {"action_time": "2018-12-28T14:59:04.192Z", "user": 1, "content_type": 14, "object_id": "32", "object_repr": "Aperitivy", "action_flag": 1, "change_message": "[{\"added\": {}}]"}}, {"model": "admin.logentry", "pk": 79, "fields": {"action_time": "2018-12-28T14:59:26.240Z", "user": 1, "content_type": 14, "object_id": "33", "object_repr": "Wine", "action_flag": 1, "change_message": "[{\"added\": {}}]"}}, {"model": "admin.logentry", "pk": 80, "fields": {"action_time": "2018-12-28T14:59:41.084Z", "user": 1, "content_type": 14, "object_id": "34", "object_repr": "V\u00edno", "action_flag": 1, "change_message": "[{\"added\": {}}]"}}, {"model": "admin.logentry", "pk": 81, "fields": {"action_time": "2018-12-28T14:59:56.510Z", "user": 1, "content_type": 14, "object_id": "35", "object_repr": "Liquers", "action_flag": 1, "change_message": "[{\"added\": {}}]"}}, {"model": "admin.logentry", "pk": 82, "fields": {"action_time": "2018-12-28T15:00:04.445Z", "user": 1, "content_type": 14, "object_id": "36", "object_repr": "Lik\u00e9ry", "action_flag": 1, "change_message": "[{\"added\": {}}]"}}, {"model": "admin.logentry", "pk": 83, "fields": {"action_time": "2018-12-28T15:00:12.641Z", "user": 1, "content_type": 14, "object_id": "37", "object_repr": "Destialtes", "action_flag": 1, "change_message": "[{\"added\": {}}]"}}, {"model": "admin.logentry", "pk": 84, "fields": {"action_time": "2018-12-28T15:00:21.535Z", "user": 1, "content_type": 14, "object_id": "38", "object_repr": "Destil\u00e1ty", "action_flag": 1, "change_message": "[{\"added\": {}}]"}}, {"model": "admin.logentry", "pk": 85, "fields": {"action_time": "2018-12-28T15:00:29.167Z", "user": 1, "content_type": 14, "object_id": "39", "object_repr": "Drinks", "action_flag": 1, "change_message": "[{\"added\": {}}]"}}, {"model": "admin.logentry", "pk": 86, "fields": {"action_time": "2018-12-28T15:00:39.800Z", "user": 1, "content_type": 14, "object_id": "40", "object_repr": "Drinky", "action_flag": 1, "change_message": "[{\"added\": {}}]"}}, {"model": "admin.logentry", "pk": 87, "fields": {"action_time": "2018-12-28T15:06:47.800Z", "user": 1, "content_type": 27, "object_id": "1", "object_repr": "New - 2019-01-01 00:00:00+00:00", "action_flag": 1, "change_message": "[{\"added\": {}}]"}}, {"model": "admin.logentry", "pk": 88, "fields": {"action_time": "2018-12-28T15:08:06.633Z", "user": 1, "content_type": 28, "object_id": "1", "object_repr": "Special After Silvestr Sales", "action_flag": 1, "change_message": "[{\"added\": {}}]"}}, {"model": "admin.logentry", "pk": 89, "fields": {"action_time": "2018-12-28T15:08:48.809Z", "user": 1, "content_type": 28, "object_id": "2", "object_repr": "Speci\u00e1ln\u00ed Posilvestrovsk\u00e1 Sleva", "action_flag": 1, "change_message": "[{\"added\": {}}]"}}, {"model": "admin.logentry", "pk": 90, "fields": {"action_time": "2018-12-28T15:09:07.449Z", "user": 1, "content_type": 27, "object_id": "1", "object_repr": "New - 2019-01-01 12:00:00+00:00", "action_flag": 2, "change_message": "[{\"changed\": {\"fields\": [\"date_time\"]}}]"}}, {"model": "admin.logentry", "pk": 91, "fields": {"action_time": "2018-12-28T15:13:00.478Z", "user": 1, "content_type": 10, "object_id": "1", "object_repr": "Allergen 1", "action_flag": 1, "change_message": "[{\"added\": {}}]"}}, {"model": "admin.logentry", "pk": 92, "fields": {"action_time": "2018-12-28T15:13:02.020Z", "user": 1, "content_type": 10, "object_id": "2", "object_repr": "Allergen 2", "action_flag": 1, "change_message": "[{\"added\": {}}]"}}, {"model": "admin.logentry", "pk": 93, "fields": {"action_time": "2018-12-28T15:13:03.086Z", "user": 1, "content_type": 10, "object_id": "3", "object_repr": "Allergen 3", "action_flag": 1, "change_message": "[{\"added\": {}}]"}}, {"model": "admin.logentry", "pk": 94, "fields": {"action_time": "2018-12-28T15:13:03.646Z", "user": 1, "content_type": 10, "object_id": "4", "object_repr": "Allergen 4", "action_flag": 1, "change_message": "[{\"added\": {}}]"}}, {"model": "admin.logentry", "pk": 95, "fields": {"action_time": "2018-12-28T15:13:04.711Z", "user": 1, "content_type": 10, "object_id": "5", "object_repr": "Allergen 5", "action_flag": 1, "change_message": "[{\"added\": {}}]"}}, {"model": "admin.logentry", "pk": 96, "fields": {"action_time": "2018-12-28T15:13:05.419Z", "user": 1, "content_type": 10, "object_id": "6", "object_repr": "Allergen 6", "action_flag": 1, "change_message": "[{\"added\": {}}]"}}, {"model": "admin.logentry", "pk": 97, "fields": {"action_time": "2018-12-28T15:13:06.355Z", "user": 1, "content_type": 10, "object_id": "7", "object_repr": "Allergen 7", "action_flag": 1, "change_message": "[{\"added\": {}}]"}}, {"model": "admin.logentry", "pk": 98, "fields": {"action_time": "2018-12-28T15:13:07.077Z", "user": 1, "content_type": 10, "object_id": "8", "object_repr": "Allergen 8", "action_flag": 1, "change_message": "[{\"added\": {}}]"}}, {"model": "admin.logentry", "pk": 99, "fields": {"action_time": "2018-12-28T15:13:07.869Z", "user": 1, "content_type": 10, "object_id": "9", "object_repr": "Allergen 9", "action_flag": 1, "change_message": "[{\"added\": {}}]"}}, {"model": "admin.logentry", "pk": 100, "fields": {"action_time": "2018-12-28T15:13:08.637Z", "user": 1, "content_type": 10, "object_id": "10", "object_repr": "Allergen 10", "action_flag": 1, "change_message": "[{\"added\": {}}]"}}, {"model": "admin.logentry", "pk": 101, "fields": {"action_time": "2018-12-28T15:13:09.361Z", "user": 1, "content_type": 10, "object_id": "11", "object_repr": "Allergen 11", "action_flag": 1, "change_message": "[{\"added\": {}}]"}}, {"model": "admin.logentry", "pk": 102, "fields": {"action_time": "2018-12-28T15:13:10.139Z", "user": 1, "content_type": 10, "object_id": "12", "object_repr": "Allergen 12", "action_flag": 1, "change_message": "[{\"added\": {}}]"}}, {"model": "admin.logentry", "pk": 103, "fields": {"action_time": "2018-12-28T15:13:10.758Z", "user": 1, "content_type": 10, "object_id": "13", "object_repr": "Allergen 13", "action_flag": 1, "change_message": "[{\"added\": {}}]"}}, {"model": "admin.logentry", "pk": 104, "fields": {"action_time": "2018-12-28T15:13:11.439Z", "user": 1, "content_type": 10, "object_id": "14", "object_repr": "Allergen 14", "action_flag": 1, "change_message": "[{\"added\": {}}]"}}, {"model": "admin.logentry", "pk": 105, "fields": {"action_time": "2018-12-28T15:18:57.684Z", "user": 1, "content_type": 29, "object_id": "1", "object_repr": "P\u0159emek Bohou\u0161 - 2019-02-21 13:45:00+00:00", "action_flag": 1, "change_message": "[{\"added\": {}}]"}}, {"model": "admin.logentry", "pk": 106, "fields": {"action_time": "2018-12-28T15:20:07.595Z", "user": 1, "content_type": 31, "object_id": "1", "object_repr": "Dante Smith - 2019-02-28 15:15:00+00:00 - 7", "action_flag": 1, "change_message": "[{\"added\": {}}]"}}, {"model": "admin.logentry", "pk": 107, "fields": {"action_time": "2018-12-28T15:21:54.655Z", "user": 1, "content_type": 24, "object_id": "1", "object_repr": "1 on branch: Th\u00e1kurova 1516", "action_flag": 1, "change_message": "[{\"added\": {}}]"}}, {"model": "admin.logentry", "pk": 108, "fields": {"action_time": "2018-12-28T15:22:31.322Z", "user": 1, "content_type": 24, "object_id": "2", "object_repr": "2 on branch: Th\u00e1kurova 1516", "action_flag": 1, "change_message": "[{\"added\": {}}]"}}, {"model": "admin.logentry", "pk": 109, "fields": {"action_time": "2018-12-28T15:23:38.884Z", "user": 1, "content_type": 26, "object_id": "1", "object_repr": "Food", "action_flag": 1, "change_message": "[{\"added\": {}}]"}}, {"model": "admin.logentry", "pk": 110, "fields": {"action_time": "2018-12-28T15:23:51.565Z", "user": 1, "content_type": 26, "object_id": "2", "object_repr": "J\u00eddlo", "action_flag": 1, "change_message": "[{\"added\": {}}]"}}, {"model": "admin.logentry", "pk": 111, "fields": {"action_time": "2018-12-28T15:24:03.308Z", "user": 1, "content_type": 26, "object_id": "3", "object_repr": "Beverages", "action_flag": 1, "change_message": "[{\"added\": {}}]"}}, {"model": "admin.logentry", "pk": 112, "fields": {"action_time": "2018-12-28T15:24:14.796Z", "user": 1, "content_type": 26, "object_id": "4", "object_repr": "N\u00e1poje", "action_flag": 1, "change_message": "[{\"added\": {}}]"}}, {"model": "admin.logentry", "pk": 113, "fields": {"action_time": "2018-12-28T15:25:06.393Z", "user": 1, "content_type": 35, "object_id": "1", "object_repr": "Unit 1", "action_flag": 1, "change_message": "[{\"added\": {}}]"}}, {"model": "admin.logentry", "pk": 114, "fields": {"action_time": "2018-12-28T15:25:07.766Z", "user": 1, "content_type": 35, "object_id": "2", "object_repr": "Unit 2", "action_flag": 1, "change_message": "[{\"added\": {}}]"}}, {"model": "admin.logentry", "pk": 115, "fields": {"action_time": "2018-12-28T15:25:08.391Z", "user": 1, "content_type": 35, "object_id": "3", "object_repr": "Unit 3", "action_flag": 1, "change_message": "[{\"added\": {}}]"}}, {"model": "admin.logentry", "pk": 116, "fields": {"action_time": "2018-12-28T15:25:09.056Z", "user": 1, "content_type": 35, "object_id": "4", "object_repr": "Unit 4", "action_flag": 1, "change_message": "[{\"added\": {}}]"}}, {"model": "admin.logentry", "pk": 117, "fields": {"action_time": "2018-12-28T15:25:09.801Z", "user": 1, "content_type": 35, "object_id": "5", "object_repr": "Unit 5", "action_flag": 1, "change_message": "[{\"added\": {}}]"}}, {"model": "admin.logentry", "pk": 118, "fields": {"action_time": "2018-12-28T15:25:34.188Z", "user": 1, "content_type": 35, "object_id": "5", "object_repr": "Unit 5", "action_flag": 3, "change_message": ""}}, {"model": "admin.logentry", "pk": 119, "fields": {"action_time": "2018-12-28T15:25:56.766Z", "user": 1, "content_type": 36, "object_id": "1", "object_repr": "g", "action_flag": 1, "change_message": "[{\"added\": {}}]"}}, {"model": "admin.logentry", "pk": 120, "fields": {"action_time": "2018-12-28T15:26:01.546Z", "user": 1, "content_type": 36, "object_id": "2", "object_repr": "g", "action_flag": 1, "change_message": "[{\"added\": {}}]"}}, {"model": "admin.logentry", "pk": 121, "fields": {"action_time": "2018-12-28T15:26:09.923Z", "user": 1, "content_type": 36, "object_id": "3", "object_repr": "pcs", "action_flag": 1, "change_message": "[{\"added\": {}}]"}}, {"model": "admin.logentry", "pk": 122, "fields": {"action_time": "2018-12-28T15:26:21.844Z", "user": 1, "content_type": 36, "object_id": "4", "object_repr": "ks", "action_flag": 1, "change_message": "[{\"added\": {}}]"}}, {"model": "admin.logentry", "pk": 123, "fields": {"action_time": "2018-12-28T15:26:29.182Z", "user": 1, "content_type": 36, "object_id": "5", "object_repr": "l", "action_flag": 1, "change_message": "[{\"added\": {}}]"}}, {"model": "admin.logentry", "pk": 124, "fields": {"action_time": "2018-12-28T15:26:34.971Z", "user": 1, "content_type": 36, "object_id": "6", "object_repr": "l", "action_flag": 1, "change_message": "[{\"added\": {}}]"}}, {"model": "admin.logentry", "pk": 125, "fields": {"action_time": "2018-12-28T15:26:41.152Z", "user": 1, "content_type": 36, "object_id": "7", "object_repr": "cl", "action_flag": 1, "change_message": "[{\"added\": {}}]"}}, {"model": "admin.logentry", "pk": 126, "fields": {"action_time": "2018-12-28T15:26:50.135Z", "user": 1, "content_type": 36, "object_id": "8", "object_repr": "cl", "action_flag": 1, "change_message": "[{\"added\": {}}]"}}, {"model": "admin.logentry", "pk": 127, "fields": {"action_time": "2018-12-28T15:28:25.521Z", "user": 1, "content_type": 17, "object_id": "1", "object_repr": "Stojan Jakoty\u0107", "action_flag": 1, "change_message": "[{\"added\": {}}]"}}, {"model": "admin.logentry", "pk": 128, "fields": {"action_time": "2018-12-28T15:28:52.070Z", "user": 1, "content_type": 17, "object_id": "2", "object_repr": "Marie Neposkvrn\u011bn\u00e1", "action_flag": 1, "change_message": "[{\"added\": {}}]"}}, {"model": "admin.logentry", "pk": 129, "fields": {"action_time": "2018-12-28T15:31:36.914Z", "user": 1, "content_type": 20, "object_id": "1", "object_repr": "Item 1", "action_flag": 1, "change_message": "[{\"added\": {}}]"}}, {"model": "admin.logentry", "pk": 130, "fields": {"action_time": "2018-12-28T15:32:32.312Z", "user": 1, "content_type": 20, "object_id": "2", "object_repr": "Item 2", "action_flag": 1, "change_message": "[{\"added\": {}}]"}}, {"model": "admin.logentry", "pk": 131, "fields": {"action_time": "2018-12-28T15:35:52.493Z", "user": 1, "content_type": 20, "object_id": "3", "object_repr": "Item 3", "action_flag": 1, "change_message": "[{\"added\": {}}]"}}, {"model": "admin.logentry", "pk": 132, "fields": {"action_time": "2018-12-28T15:37:06.421Z", "user": 1, "content_type": 20, "object_id": "4", "object_repr": "Item 4", "action_flag": 1, "change_message": "[{\"added\": {}}]"}}, {"model": "admin.logentry", "pk": 133, "fields": {"action_time": "2018-12-28T15:38:08.711Z", "user": 1, "content_type": 20, "object_id": "5", "object_repr": "Item 5", "action_flag": 1, "change_message": "[{\"added\": {}}]"}}, {"model": "admin.logentry", "pk": 134, "fields": {"action_time": "2018-12-28T15:39:10.534Z", "user": 1, "content_type": 20, "object_id": "6", "object_repr": "Item 6", "action_flag": 1, "change_message": "[{\"added\": {}}]"}}, {"model": "admin.logentry", "pk": 135, "fields": {"action_time": "2018-12-28T15:39:58.330Z", "user": 1, "content_type": 20, "object_id": "7", "object_repr": "Item 7", "action_flag": 1, "change_message": "[{\"added\": {}}]"}}, {"model": "admin.logentry", "pk": 136, "fields": {"action_time": "2018-12-28T15:41:21.629Z", "user": 1, "content_type": 20, "object_id": "8", "object_repr": "Item 8", "action_flag": 1, "change_message": "[{\"added\": {}}]"}}, {"model": "admin.logentry", "pk": 137, "fields": {"action_time": "2018-12-28T15:42:04.578Z", "user": 1, "content_type": 20, "object_id": "9", "object_repr": "Item 9", "action_flag": 1, "change_message": "[{\"added\": {}}]"}}, {"model": "admin.logentry", "pk": 138, "fields": {"action_time": "2018-12-28T15:42:34.935Z", "user": 1, "content_type": 20, "object_id": "10", "object_repr": "Item 10", "action_flag": 1, "change_message": "[{\"added\": {}}]"}}, {"model": "admin.logentry", "pk": 139, "fields": {"action_time": "2018-12-28T15:43:46.447Z", "user": 1, "content_type": 20, "object_id": "11", "object_repr": "Item 11", "action_flag": 1, "change_message": "[{\"added\": {}}]"}}, {"model": "admin.logentry", "pk": 140, "fields": {"action_time": "2018-12-28T15:44:36.739Z", "user": 1, "content_type": 20, "object_id": "12", "object_repr": "Item 12", "action_flag": 1, "change_message": "[{\"added\": {}}]"}}, {"model": "admin.logentry", "pk": 141, "fields": {"action_time": "2018-12-28T15:45:20.954Z", "user": 1, "content_type": 20, "object_id": "13", "object_repr": "Item 13", "action_flag": 1, "change_message": "[{\"added\": {}}]"}}, {"model": "admin.logentry", "pk": 142, "fields": {"action_time": "2018-12-28T15:45:57.329Z", "user": 1, "content_type": 20, "object_id": "14", "object_repr": "Item 14", "action_flag": 1, "change_message": "[{\"added\": {}}]"}}, {"model": "admin.logentry", "pk": 143, "fields": {"action_time": "2018-12-28T15:46:39.531Z", "user": 1, "content_type": 20, "object_id": "15", "object_repr": "Item 15", "action_flag": 1, "change_message": "[{\"added\": {}}]"}}, {"model": "admin.logentry", "pk": 144, "fields": {"action_time": "2018-12-28T15:47:16.413Z", "user": 1, "content_type": 20, "object_id": "16", "object_repr": "Item 16", "action_flag": 1, "change_message": "[{\"added\": {}}]"}}, {"model": "admin.logentry", "pk": 145, "fields": {"action_time": "2018-12-28T15:48:45.314Z", "user": 1, "content_type": 20, "object_id": "17", "object_repr": "Item 17", "action_flag": 1, "change_message": "[{\"added\": {}}]"}}, {"model": "admin.logentry", "pk": 146, "fields": {"action_time": "2018-12-28T15:49:27.095Z", "user": 1, "content_type": 20, "object_id": "18", "object_repr": "Item 18", "action_flag": 1, "change_message": "[{\"added\": {}}]"}}, {"model": "admin.logentry", "pk": 147, "fields": {"action_time": "2018-12-28T15:50:11.622Z", "user": 1, "content_type": 20, "object_id": "19", "object_repr": "Item 19", "action_flag": 1, "change_message": "[{\"added\": {}}]"}}, {"model": "admin.logentry", "pk": 148, "fields": {"action_time": "2018-12-28T15:50:47.803Z", "user": 1, "content_type": 20, "object_id": "20", "object_repr": "Item 20", "action_flag": 1, "change_message": "[{\"added\": {}}]"}}, {"model": "admin.logentry", "pk": 149, "fields": {"action_time": "2018-12-28T15:51:24.999Z", "user": 1, "content_type": 20, "object_id": "21", "object_repr": "Item 21", "action_flag": 1, "change_message": "[{\"added\": {}}]"}}, {"model": "admin.logentry", "pk": 150, "fields": {"action_time": "2018-12-28T15:53:10.177Z", "user": 1, "content_type": 22, "object_id": "1", "object_repr": "Pickled sausage", "action_flag": 1, "change_message": "[{\"added\": {}}]"}}, {"model": "admin.logentry", "pk": 151, "fields": {"action_time": "2018-12-28T15:53:33.081Z", "user": 1, "content_type": 22, "object_id": "2", "object_repr": "Utopenec", "action_flag": 1, "change_message": "[{\"added\": {}}]"}}, {"model": "admin.logentry", "pk": 152, "fields": {"action_time": "2018-12-28T15:54:14.596Z", "user": 1, "content_type": 22, "object_id": "3", "object_repr": "Spicy toast", "action_flag": 1, "change_message": "[{\"added\": {}}]"}}, {"model": "admin.logentry", "pk": 153, "fields": {"action_time": "2018-12-28T15:54:34.081Z", "user": 1, "content_type": 22, "object_id": "4", "object_repr": "Pikantn\u00ed topinka", "action_flag": 1, "change_message": "[{\"added\": {}}]"}}, {"model": "admin.logentry", "pk": 154, "fields": {"action_time": "2018-12-28T15:54:56.156Z", "user": 1, "content_type": 22, "object_id": "5", "object_repr": "Chicken broth", "action_flag": 1, "change_message": "[{\"added\": {}}]"}}, {"model": "admin.logentry", "pk": 155, "fields": {"action_time": "2018-12-28T15:55:24.379Z", "user": 1, "content_type": 22, "object_id": "6", "object_repr": "Ku\u0159ec\u00ed v\u00fdvar", "action_flag": 1, "change_message": "[{\"added\": {}}]"}}, {"model": "admin.logentry", "pk": 156, "fields": {"action_time": "2018-12-28T15:55:47.686Z", "user": 1, "content_type": 22, "object_id": "7", "object_repr": "Goulash soup", "action_flag": 1, "change_message": "[{\"added\": {}}]"}}, {"model": "admin.logentry", "pk": 157, "fields": {"action_time": "2018-12-28T15:56:09.168Z", "user": 1, "content_type": 22, "object_id": "8", "object_repr": "Gul\u00e1\u0161ov\u00e1 pol\u00e9vka", "action_flag": 1, "change_message": "[{\"added\": {}}]"}}, {"model": "admin.logentry", "pk": 158, "fields": {"action_time": "2018-12-28T15:56:42.674Z", "user": 1, "content_type": 22, "object_id": "9", "object_repr": "Caeser salad", "action_flag": 1, "change_message": "[{\"added\": {}}]"}}, {"model": "admin.logentry", "pk": 159, "fields": {"action_time": "2018-12-28T15:57:01.296Z", "user": 1, "content_type": 22, "object_id": "10", "object_repr": "Caeser sal\u00e1t", "action_flag": 1, "change_message": "[{\"added\": {}}]"}}, {"model": "admin.logentry", "pk": 160, "fields": {"action_time": "2018-12-28T15:57:57.072Z", "user": 1, "content_type": 22, "object_id": "11", "object_repr": "Balkan salad", "action_flag": 1, "change_message": "[{\"added\": {}}]"}}, {"model": "admin.logentry", "pk": 161, "fields": {"action_time": "2018-12-28T15:58:29.583Z", "user": 1, "content_type": 22, "object_id": "12", "object_repr": "Balk\u00e1n sal\u00e1t", "action_flag": 1, "change_message": "[{\"added\": {}}]"}}, {"model": "admin.logentry", "pk": 162, "fields": {"action_time": "2018-12-28T15:58:59.079Z", "user": 1, "content_type": 22, "object_id": "13", "object_repr": "Beef goulash", "action_flag": 1, "change_message": "[{\"added\": {}}]"}}, {"model": "admin.logentry", "pk": 163, "fields": {"action_time": "2018-12-28T15:59:20.367Z", "user": 1, "content_type": 22, "object_id": "14", "object_repr": "Hov\u011bz\u00ed gul\u00e1\u0161", "action_flag": 1, "change_message": "[{\"added\": {}}]"}}, {"model": "admin.logentry", "pk": 164, "fields": {"action_time": "2018-12-28T16:01:46.164Z", "user": 1, "content_type": 22, "object_id": "15", "object_repr": "Roast beef with american potatoes", "action_flag": 1, "change_message": "[{\"added\": {}}]"}}, {"model": "admin.logentry", "pk": 165, "fields": {"action_time": "2018-12-28T16:05:21.824Z", "user": 1, "content_type": 22, "object_id": "16", "object_repr": "Roast beef s americk\u00fdmi bramborami", "action_flag": 1, "change_message": "[{\"added\": {}}]"}}, {"model": "admin.logentry", "pk": 166, "fields": {"action_time": "2018-12-28T18:25:44.566Z", "user": 1, "content_type": 22, "object_id": "17", "object_repr": "Spaghetti carbonara", "action_flag": 1, "change_message": "[{\"added\": {}}]"}}, {"model": "admin.logentry", "pk": 167, "fields": {"action_time": "2018-12-28T18:26:20.898Z", "user": 1, "content_type": 22, "object_id": "18", "object_repr": "Spaghetti carbonara", "action_flag": 1, "change_message": "[{\"added\": {}}]"}}, {"model": "admin.logentry", "pk": 168, "fields": {"action_time": "2018-12-28T18:27:11.788Z", "user": 1, "content_type": 22, "object_id": "19", "object_repr": "Lasagne", "action_flag": 1, "change_message": "[{\"added\": {}}]"}}, {"model": "admin.logentry", "pk": 169, "fields": {"action_time": "2018-12-28T18:27:49.657Z", "user": 1, "content_type": 22, "object_id": "20", "object_repr": "Lasagne", "action_flag": 1, "change_message": "[{\"added\": {}}]"}}, {"model": "admin.logentry", "pk": 170, "fields": {"action_time": "2018-12-28T18:31:21.395Z", "user": 1, "content_type": 22, "object_id": "21", "object_repr": "Fried cheese", "action_flag": 1, "change_message": "[{\"added\": {}}]"}}, {"model": "admin.logentry", "pk": 171, "fields": {"action_time": "2018-12-28T18:31:56.396Z", "user": 1, "content_type": 22, "object_id": "22", "object_repr": "Sma\u017een\u00fd s\u00fdr", "action_flag": 1, "change_message": "[{\"added\": {}}]"}}, {"model": "admin.logentry", "pk": 172, "fields": {"action_time": "2018-12-28T18:32:52.650Z", "user": 1, "content_type": 22, "object_id": "23", "object_repr": "Scrambled eggs with bread", "action_flag": 1, "change_message": "[{\"added\": {}}]"}}, {"model": "admin.logentry", "pk": 173, "fields": {"action_time": "2018-12-28T18:33:14.429Z", "user": 1, "content_type": 22, "object_id": "24", "object_repr": "M\u00edchan\u00e1 vaj\u00ed\u010dka s chlebem", "action_flag": 1, "change_message": "[{\"added\": {}}]"}}, {"model": "admin.logentry", "pk": 174, "fields": {"action_time": "2018-12-28T18:33:58.477Z", "user": 1, "content_type": 22, "object_id": "25", "object_repr": "Panna cotta", "action_flag": 1, "change_message": "[{\"added\": {}}]"}}, {"model": "admin.logentry", "pk": 175, "fields": {"action_time": "2018-12-28T18:34:42.195Z", "user": 1, "content_type": 22, "object_id": "26", "object_repr": "Panna cotta", "action_flag": 1, "change_message": "[{\"added\": {}}]"}}, {"model": "admin.logentry", "pk": 176, "fields": {"action_time": "2018-12-28T18:35:30.044Z", "user": 1, "content_type": 22, "object_id": "27", "object_repr": "Pancakes", "action_flag": 1, "change_message": "[{\"added\": {}}]"}}, {"model": "admin.logentry", "pk": 177, "fields": {"action_time": "2018-12-28T18:35:53.079Z", "user": 1, "content_type": 22, "object_id": "28", "object_repr": "Pala\u010dinky", "action_flag": 1, "change_message": "[{\"added\": {}}]"}}, {"model": "admin.logentry", "pk": 178, "fields": {"action_time": "2018-12-28T18:36:12.064Z", "user": 1, "content_type": 22, "object_id": "29", "object_repr": "French fries", "action_flag": 1, "change_message": "[{\"added\": {}}]"}}, {"model": "admin.logentry", "pk": 179, "fields": {"action_time": "2018-12-28T18:36:25.071Z", "user": 1, "content_type": 22, "object_id": "30", "object_repr": "Hranolky", "action_flag": 1, "change_message": "[{\"added\": {}}]"}}, {"model": "admin.logentry", "pk": 180, "fields": {"action_time": "2018-12-28T18:36:44.727Z", "user": 1, "content_type": 22, "object_id": "31", "object_repr": "American potatoes", "action_flag": 1, "change_message": "[{\"added\": {}}]"}}, {"model": "admin.logentry", "pk": 181, "fields": {"action_time": "2018-12-28T18:36:58.374Z", "user": 1, "content_type": 22, "object_id": "32", "object_repr": "Americk\u00fd brambor", "action_flag": 1, "change_message": "[{\"added\": {}}]"}}, {"model": "admin.logentry", "pk": 182, "fields": {"action_time": "2018-12-28T18:37:28.937Z", "user": 1, "content_type": 22, "object_id": "33", "object_repr": "Orange juice", "action_flag": 1, "change_message": "[{\"added\": {}}]"}}, {"model": "admin.logentry", "pk": 183, "fields": {"action_time": "2018-12-28T18:37:42.950Z", "user": 1, "content_type": 22, "object_id": "34", "object_repr": "Pomeran\u010dov\u00fd d\u017eus", "action_flag": 1, "change_message": "[{\"added\": {}}]"}}, {"model": "admin.logentry", "pk": 184, "fields": {"action_time": "2018-12-28T18:40:41.679Z", "user": 1, "content_type": 22, "object_id": "35", "object_repr": "Apple juice", "action_flag": 1, "change_message": "[{\"added\": {}}]"}}, {"model": "admin.logentry", "pk": 185, "fields": {"action_time": "2018-12-28T18:40:55.273Z", "user": 1, "content_type": 22, "object_id": "36", "object_repr": "Jable\u010dn\u00fd d\u017eus", "action_flag": 1, "change_message": "[{\"added\": {}}]"}}, {"model": "admin.logentry", "pk": 186, "fields": {"action_time": "2018-12-28T18:52:40.098Z", "user": 1, "content_type": 22, "object_id": "37", "object_repr": "Green tea", "action_flag": 1, "change_message": "[{\"added\": {}}]"}}, {"model": "admin.logentry", "pk": 187, "fields": {"action_time": "2018-12-28T18:52:57.812Z", "user": 1, "content_type": 22, "object_id": "38", "object_repr": "Zelen\u00fd \u010daj", "action_flag": 1, "change_message": "[{\"added\": {}}]"}}, {"model": "admin.logentry", "pk": 188, "fields": {"action_time": "2018-12-28T18:54:46.694Z", "user": 1, "content_type": 22, "object_id": "39", "object_repr": "Absinth", "action_flag": 1, "change_message": "[{\"added\": {}}]"}}, {"model": "admin.logentry", "pk": 189, "fields": {"action_time": "2018-12-28T18:54:58.944Z", "user": 1, "content_type": 22, "object_id": "40", "object_repr": "Absinth", "action_flag": 1, "change_message": "[{\"added\": {}}]"}}, {"model": "admin.logentry", "pk": 190, "fields": {"action_time": "2018-12-28T18:55:14.430Z", "user": 1, "content_type": 22, "object_id": "41", "object_repr": "Jameson whiskey", "action_flag": 1, "change_message": "[{\"added\": {}}]"}}, {"model": "admin.logentry", "pk": 191, "fields": {"action_time": "2018-12-28T18:55:25.650Z", "user": 1, "content_type": 22, "object_id": "42", "object_repr": "Jameson whiskey", "action_flag": 1, "change_message": "[{\"added\": {}}]"}}, {"model": "admin.logentry", "pk": 192, "fields": {"action_time": "2018-12-28T19:29:26.806Z", "user": 1, "content_type": 25, "object_id": "1", "object_repr": "Item 1in menu 1", "action_flag": 1, "change_message": "[{\"added\": {}}]"}}, {"model": "admin.logentry", "pk": 193, "fields": {"action_time": "2018-12-28T19:29:31.560Z", "user": 1, "content_type": 25, "object_id": "2", "object_repr": "Item 2in menu 1", "action_flag": 1, "change_message": "[{\"added\": {}}]"}}, {"model": "admin.logentry", "pk": 194, "fields": {"action_time": "2018-12-28T19:29:36.436Z", "user": 1, "content_type": 25, "object_id": "3", "object_repr": "Item 3in menu 1", "action_flag": 1, "change_message": "[{\"added\": {}}]"}}, {"model": "admin.logentry", "pk": 195, "fields": {"action_time": "2018-12-28T19:29:41.654Z", "user": 1, "content_type": 25, "object_id": "4", "object_repr": "Item 4in menu 1", "action_flag": 1, "change_message": "[{\"added\": {}}]"}}, {"model": "admin.logentry", "pk": 196, "fields": {"action_time": "2018-12-28T19:29:50.794Z", "user": 1, "content_type": 25, "object_id": "5", "object_repr": "Item 5in menu 1", "action_flag": 1, "change_message": "[{\"added\": {}}]"}}, {"model": "admin.logentry", "pk": 197, "fields": {"action_time": "2018-12-28T19:29:56.631Z", "user": 1, "content_type": 25, "object_id": "6", "object_repr": "Item 6in menu 1", "action_flag": 1, "change_message": "[{\"added\": {}}]"}}, {"model": "admin.logentry", "pk": 198, "fields": {"action_time": "2018-12-28T19:30:01.518Z", "user": 1, "content_type": 25, "object_id": "7", "object_repr": "Item 7in menu 1", "action_flag": 1, "change_message": "[{\"added\": {}}]"}}, {"model": "admin.logentry", "pk": 199, "fields": {"action_time": "2018-12-28T19:30:05.772Z", "user": 1, "content_type": 25, "object_id": "8", "object_repr": "Item 8in menu 1", "action_flag": 1, "change_message": "[{\"added\": {}}]"}}, {"model": "admin.logentry", "pk": 200, "fields": {"action_time": "2018-12-28T19:30:09.683Z", "user": 1, "content_type": 25, "object_id": "9", "object_repr": "Item 9in menu 1", "action_flag": 1, "change_message": "[{\"added\": {}}]"}}, {"model": "admin.logentry", "pk": 201, "fields": {"action_time": "2018-12-28T19:30:14.199Z", "user": 1, "content_type": 25, "object_id": "10", "object_repr": "Item 10in menu 1", "action_flag": 1, "change_message": "[{\"added\": {}}]"}}, {"model": "admin.logentry", "pk": 202, "fields": {"action_time": "2018-12-28T19:30:18.917Z", "user": 1, "content_type": 25, "object_id": "11", "object_repr": "Item 11in menu 1", "action_flag": 1, "change_message": "[{\"added\": {}}]"}}, {"model": "admin.logentry", "pk": 203, "fields": {"action_time": "2018-12-28T19:30:23.192Z", "user": 1, "content_type": 25, "object_id": "12", "object_repr": "Item 12in menu 1", "action_flag": 1, "change_message": "[{\"added\": {}}]"}}, {"model": "admin.logentry", "pk": 204, "fields": {"action_time": "2018-12-28T19:30:27.624Z", "user": 1, "content_type": 25, "object_id": "13", "object_repr": "Item 13in menu 1", "action_flag": 1, "change_message": "[{\"added\": {}}]"}}, {"model": "admin.logentry", "pk": 205, "fields": {"action_time": "2018-12-28T19:30:33.491Z", "user": 1, "content_type": 25, "object_id": "14", "object_repr": "Item 14in menu 1", "action_flag": 1, "change_message": "[{\"added\": {}}]"}}, {"model": "admin.logentry", "pk": 206, "fields": {"action_time": "2018-12-28T19:30:39.449Z", "user": 1, "content_type": 25, "object_id": "15", "object_repr": "Item 15in menu 1", "action_flag": 1, "change_message": "[{\"added\": {}}]"}}, {"model": "admin.logentry", "pk": 207, "fields": {"action_time": "2018-12-28T19:30:44.635Z", "user": 1, "content_type": 25, "object_id": "16", "object_repr": "Item 16in menu 1", "action_flag": 1, "change_message": "[{\"added\": {}}]"}}, {"model": "admin.logentry", "pk": 208, "fields": {"action_time": "2018-12-28T19:30:50.195Z", "user": 1, "content_type": 25, "object_id": "17", "object_repr": "Item 17in menu 2", "action_flag": 1, "change_message": "[{\"added\": {}}]"}}, {"model": "admin.logentry", "pk": 209, "fields": {"action_time": "2018-12-28T19:30:55.761Z", "user": 1, "content_type": 25, "object_id": "18", "object_repr": "Item 18in menu 2", "action_flag": 1, "change_message": "[{\"added\": {}}]"}}, {"model": "admin.logentry", "pk": 210, "fields": {"action_time": "2018-12-28T19:30:59.858Z", "user": 1, "content_type": 25, "object_id": "19", "object_repr": "Item 19in menu 2", "action_flag": 1, "change_message": "[{\"added\": {}}]"}}, {"model": "admin.logentry", "pk": 211, "fields": {"action_time": "2018-12-28T19:31:06.001Z", "user": 1, "content_type": 25, "object_id": "20", "object_repr": "Item 20in menu 2", "action_flag": 1, "change_message": "[{\"added\": {}}]"}}, {"model": "admin.logentry", "pk": 212, "fields": {"action_time": "2018-12-28T19:31:10.401Z", "user": 1, "content_type": 25, "object_id": "21", "object_repr": "Item 21in menu 2", "action_flag": 1, "change_message": "[{\"added\": {}}]"}}, {"model": "admin.logentry", "pk": 213, "fields": {"action_time": "2018-12-28T19:49:57.224Z", "user": 1, "content_type": 11, "object_id": "1", "object_repr": "Celery", "action_flag": 1, "change_message": "[{\"added\": {}}]"}}, {"model": "admin.logentry", "pk": 214, "fields": {"action_time": "2018-12-28T19:50:10.873Z", "user": 1, "content_type": 11, "object_id": "2", "object_repr": "Cereals containing gluten", "action_flag": 1, "change_message": "[{\"added\": {}}]"}}, {"model": "admin.logentry", "pk": 215, "fields": {"action_time": "2018-12-28T19:50:22.199Z", "user": 1, "content_type": 11, "object_id": "3", "object_repr": "Crustaceans", "action_flag": 1, "change_message": "[{\"added\": {}}]"}}, {"model": "admin.logentry", "pk": 216, "fields": {"action_time": "2018-12-28T19:50:40.960Z", "user": 1, "content_type": 11, "object_id": "4", "object_repr": "Eggs", "action_flag": 1, "change_message": "[{\"added\": {}}]"}}, {"model": "admin.logentry", "pk": 217, "fields": {"action_time": "2018-12-28T19:50:50.010Z", "user": 1, "content_type": 11, "object_id": "5", "object_repr": "Fish", "action_flag": 1, "change_message": "[{\"added\": {}}]"}}, {"model": "admin.logentry", "pk": 218, "fields": {"action_time": "2018-12-28T19:51:00.856Z", "user": 1, "content_type": 11, "object_id": "6", "object_repr": "Lupin", "action_flag": 1, "change_message": "[{\"added\": {}}]"}}, {"model": "admin.logentry", "pk": 219, "fields": {"action_time": "2018-12-28T19:51:08.035Z", "user": 1, "content_type": 11, "object_id": "7", "object_repr": "Milk", "action_flag": 1, "change_message": "[{\"added\": {}}]"}}, {"model": "admin.logentry", "pk": 220, "fields": {"action_time": "2018-12-28T19:51:18.859Z", "user": 1, "content_type": 11, "object_id": "8", "object_repr": "Molluscs", "action_flag": 1, "change_message": "[{\"added\": {}}]"}}, {"model": "admin.logentry", "pk": 221, "fields": {"action_time": "2018-12-28T19:51:34.233Z", "user": 1, "content_type": 11, "object_id": "9", "object_repr": "Mustard", "action_flag": 1, "change_message": "[{\"added\": {}}]"}}, {"model": "admin.logentry", "pk": 222, "fields": {"action_time": "2018-12-28T19:51:44.131Z", "user": 1, "content_type": 11, "object_id": "10", "object_repr": "Nuts", "action_flag": 1, "change_message": "[{\"added\": {}}]"}}, {"model": "admin.logentry", "pk": 223, "fields": {"action_time": "2018-12-28T19:51:50.518Z", "user": 1, "content_type": 11, "object_id": "11", "object_repr": "Peanuts", "action_flag": 1, "change_message": "[{\"added\": {}}]"}}, {"model": "admin.logentry", "pk": 224, "fields": {"action_time": "2018-12-28T19:52:04.549Z", "user": 1, "content_type": 11, "object_id": "12", "object_repr": "Sesame seeds", "action_flag": 1, "change_message": "[{\"added\": {}}]"}}, {"model": "admin.logentry", "pk": 225, "fields": {"action_time": "2018-12-28T19:52:13.601Z", "user": 1, "content_type": 11, "object_id": "13", "object_repr": "Soya", "action_flag": 1, "change_message": "[{\"added\": {}}]"}}, {"model": "admin.logentry", "pk": 226, "fields": {"action_time": "2018-12-28T19:52:23.704Z", "user": 1, "content_type": 11, "object_id": "14", "object_repr": "Sulphur dioxyde", "action_flag": 1, "change_message": "[{\"added\": {}}]"}}, {"model": "admin.logentry", "pk": 227, "fields": {"action_time": "2018-12-28T19:52:31.587Z", "user": 1, "content_type": 11, "object_id": "15", "object_repr": "Celer", "action_flag": 1, "change_message": "[{\"added\": {}}]"}}, {"model": "admin.logentry", "pk": 228, "fields": {"action_time": "2018-12-28T19:52:41.909Z", "user": 1, "content_type": 11, "object_id": "16", "object_repr": "Obiloviny obsahuj\u00edc\u00ed lepek", "action_flag": 1, "change_message": "[{\"added\": {}}]"}}, {"model": "admin.logentry", "pk": 229, "fields": {"action_time": "2018-12-28T19:52:52.448Z", "user": 1, "content_type": 11, "object_id": "17", "object_repr": "Kor\u00fd\u0161i", "action_flag": 1, "change_message": "[{\"added\": {}}]"}}, {"model": "admin.logentry", "pk": 230, "fields": {"action_time": "2018-12-28T19:53:00.937Z", "user": 1, "content_type": 11, "object_id": "18", "object_repr": "Vejce", "action_flag": 1, "change_message": "[{\"added\": {}}]"}}, {"model": "admin.logentry", "pk": 231, "fields": {"action_time": "2018-12-28T19:53:15.661Z", "user": 1, "content_type": 11, "object_id": "19", "object_repr": "Ryby", "action_flag": 1, "change_message": "[{\"added\": {}}]"}}, {"model": "admin.logentry", "pk": 232, "fields": {"action_time": "2018-12-28T19:53:33.900Z", "user": 1, "content_type": 11, "object_id": "20", "object_repr": "Vl\u010d\u00ed bob (lupina)", "action_flag": 1, "change_message": "[{\"added\": {}}]"}}, {"model": "admin.logentry", "pk": 233, "fields": {"action_time": "2018-12-28T19:53:50.269Z", "user": 1, "content_type": 11, "object_id": "21", "object_repr": "Ml\u00e9ko", "action_flag": 1, "change_message": "[{\"added\": {}}]"}}, {"model": "admin.logentry", "pk": 234, "fields": {"action_time": "2018-12-28T19:53:58.643Z", "user": 1, "content_type": 11, "object_id": "22", "object_repr": "M\u011bkk\u00fd\u0161i", "action_flag": 1, "change_message": "[{\"added\": {}}]"}}, {"model": "admin.logentry", "pk": 235, "fields": {"action_time": "2018-12-28T19:54:15.737Z", "user": 1, "content_type": 11, "object_id": "23", "object_repr": "Ho\u0159cice", "action_flag": 1, "change_message": "[{\"added\": {}}]"}}, {"model": "admin.logentry", "pk": 236, "fields": {"action_time": "2018-12-28T19:54:23.125Z", "user": 1, "content_type": 11, "object_id": "24", "object_repr": "O\u0159echy", "action_flag": 1, "change_message": "[{\"added\": {}}]"}}, {"model": "admin.logentry", "pk": 237, "fields": {"action_time": "2018-12-28T19:54:30.860Z", "user": 1, "content_type": 11, "object_id": "25", "object_repr": "Ara\u0161\u00eddy", "action_flag": 1, "change_message": "[{\"added\": {}}]"}}, {"model": "admin.logentry", "pk": 238, "fields": {"action_time": "2018-12-28T19:54:50.092Z", "user": 1, "content_type": 11, "object_id": "26", "object_repr": "Sezamov\u00e1 sem\u00ednka", "action_flag": 1, "change_message": "[{\"added\": {}}]"}}, {"model": "admin.logentry", "pk": 239, "fields": {"action_time": "2018-12-28T19:55:00.629Z", "user": 1, "content_type": 11, "object_id": "27", "object_repr": "S\u00f3ja", "action_flag": 1, "change_message": "[{\"added\": {}}]"}}, {"model": "admin.logentry", "pk": 240, "fields": {"action_time": "2018-12-28T19:55:11.309Z", "user": 1, "content_type": 11, "object_id": "28", "object_repr": "Oxid si\u0159i\u010dit\u00fd", "action_flag": 1, "change_message": "[{\"added\": {}}]"}}, {"model": "admin.logentry", "pk": 241, "fields": {"action_time": "2018-12-28T20:12:57.601Z", "user": 1, "content_type": 30, "object_id": "1", "object_repr": "Item 9in order 1", "action_flag": 1, "change_message": "[{\"added\": {}}]"}}, {"model": "admin.logentry", "pk": 242, "fields": {"action_time": "2018-12-28T20:13:03.934Z", "user": 1, "content_type": 30, "object_id": "2", "object_repr": "Item 13in order 1", "action_flag": 1, "change_message": "[{\"added\": {}}]"}}, {"model": "admin.logentry", "pk": 243, "fields": {"action_time": "2018-12-28T20:13:51.466Z", "user": 1, "content_type": 21, "object_id": "1", "object_repr": "Allergen 7in item 6", "action_flag": 1, "change_message": "[{\"added\": {}}]"}}, {"model": "admin.logentry", "pk": 244, "fields": {"action_time": "2018-12-28T20:13:58.235Z", "user": 1, "content_type": 21, "object_id": "2", "object_repr": "Allergen 7in item 9", "action_flag": 1, "change_message": "[{\"added\": {}}]"}}, {"model": "admin.logentry", "pk": 245, "fields": {"action_time": "2018-12-28T20:14:05.431Z", "user": 1, "content_type": 21, "object_id": "3", "object_repr": "Allergen 7in item 10", "action_flag": 1, "change_message": "[{\"added\": {}}]"}}, {"model": "admin.logentry", "pk": 246, "fields": {"action_time": "2018-12-28T20:14:12.499Z", "user": 1, "content_type": 21, "object_id": "4", "object_repr": "Allergen 7in item 11", "action_flag": 1, "change_message": "[{\"added\": {}}]"}}, {"model": "admin.logentry", "pk": 247, "fields": {"action_time": "2018-12-28T20:14:21.862Z", "user": 1, "content_type": 21, "object_id": "5", "object_repr": "Allergen 4in item 12", "action_flag": 1, "change_message": "[{\"added\": {}}]"}}, {"model": "admin.logentry", "pk": 248, "fields": {"action_time": "2018-12-28T20:14:28.378Z", "user": 1, "content_type": 21, "object_id": "6", "object_repr": "Allergen 7in item 13", "action_flag": 1, "change_message": "[{\"added\": {}}]"}}, {"model": "admin.logentry", "pk": 249, "fields": {"action_time": "2018-12-28T20:14:35.139Z", "user": 1, "content_type": 21, "object_id": "7", "object_repr": "Allergen 7in item 14", "action_flag": 1, "change_message": "[{\"added\": {}}]"}}, {"model": "admin.logentry", "pk": 250, "fields": {"action_time": "2018-12-28T20:15:57.707Z", "user": 1, "content_type": 32, "object_id": "1", "object_repr": "Reservations", "action_flag": 1, "change_message": "[{\"added\": {}}]"}}, {"model": "admin.logentry", "pk": 251, "fields": {"action_time": "2018-12-28T20:16:29.073Z", "user": 1, "content_type": 32, "object_id": "2", "object_repr": "Rezervace", "action_flag": 1, "change_message": "[{\"added\": {}}]"}}, {"model": "admin.logentry", "pk": 252, "fields": {"action_time": "2018-12-28T20:39:08.864Z", "user": 1, "content_type": 16, "object_id": "1", "object_repr": "Contact", "action_flag": 1, "change_message": "[{\"added\": {}}]"}}, {"model": "admin.logentry", "pk": 253, "fields": {"action_time": "2018-12-28T20:39:31.342Z", "user": 1, "content_type": 16, "object_id": "2", "object_repr": "Kontakt", "action_flag": 1, "change_message": "[{\"added\": {}}]"}}, {"model": "admin.logentry", "pk": 254, "fields": {"action_time": "2018-12-28T20:41:03.802Z", "user": 1, "content_type": 15, "object_id": "1", "object_repr": "Contact", "action_flag": 1, "change_message": "[{\"added\": {}}]"}}, {"model": "admin.logentry", "pk": 255, "fields": {"action_time": "2018-12-28T20:41:11.541Z", "user": 1, "content_type": 15, "object_id": "2", "object_repr": "Kontakt", "action_flag": 1, "change_message": "[{\"added\": {}}]"}}, {"model": "admin.logentry", "pk": 256, "fields": {"action_time": "2018-12-28T20:41:25.498Z", "user": 1, "content_type": 16, "object_id": "2", "object_repr": "Kontakt", "action_flag": 2, "change_message": "[{\"changed\": {\"fields\": [\"description_text\"]}}]"}}, {"model": "admin.logentry", "pk": 257, "fields": {"action_time": "2018-12-28T20:41:33.513Z", "user": 1, "content_type": 16, "object_id": "1", "object_repr": "Contact", "action_flag": 2, "change_message": "[{\"changed\": {\"fields\": [\"description_text\"]}}]"}}, {"model": "admin.logentry", "pk": 258, "fields": {"action_time": "2018-12-28T20:42:23.270Z", "user": 1, "content_type": 9, "object_id": "1", "object_repr": "About us", "action_flag": 1, "change_message": "[{\"added\": {}}]"}}, {"model": "admin.logentry", "pk": 259, "fields": {"action_time": "2018-12-28T20:42:39.425Z", "user": 1, "content_type": 9, "object_id": "2", "object_repr": "O n\u00e1s", "action_flag": 1, "change_message": "[{\"added\": {}}]"}}, {"model": "admin.logentry", "pk": 260, "fields": {"action_time": "2018-12-28T20:43:06.275Z", "user": 1, "content_type": 8, "object_id": "1", "object_repr": "About us", "action_flag": 1, "change_message": "[{\"added\": {}}]"}}, {"model": "admin.logentry", "pk": 261, "fields": {"action_time": "2018-12-28T20:43:13.648Z", "user": 1, "content_type": 8, "object_id": "2", "object_repr": "O n\u00e1s", "action_flag": 1, "change_message": "[{\"added\": {}}]"}}, {"model": "admin.logentry", "pk": 262, "fields": {"action_time": "2018-12-28T20:44:13.884Z", "user": 1, "content_type": 19, "object_id": "1", "object_repr": "Introduction", "action_flag": 1, "change_message": "[{\"added\": {}}]"}}, {"model": "admin.logentry", "pk": 263, "fields": {"action_time": "2018-12-28T20:44:35.782Z", "user": 1, "content_type": 19, "object_id": "2", "object_repr": "\u00davod", "action_flag": 1, "change_message": "[{\"added\": {}}]"}}, {"model": "admin.logentry", "pk": 264, "fields": {"action_time": "2018-12-28T20:44:41.115Z", "user": 1, "content_type": 19, "object_id": "1", "object_repr": "Introduction", "action_flag": 2, "change_message": "[{\"changed\": {\"fields\": [\"news_text\"]}}]"}}, {"model": "admin.logentry", "pk": 265, "fields": {"action_time": "2018-12-28T20:45:14.251Z", "user": 1, "content_type": 18, "object_id": "1", "object_repr": "Introduction", "action_flag": 1, "change_message": "[{\"added\": {}}]"}}, {"model": "admin.logentry", "pk": 266, "fields": {"action_time": "2018-12-28T20:45:27.305Z", "user": 1, "content_type": 18, "object_id": "2", "object_repr": "\u00davod", "action_flag": 1, "change_message": "[{\"added\": {}}]"}}, {"model": "admin.logentry", "pk": 267, "fields": {"action_time": "2019-02-12T17:21:12.341Z", "user": 1, "content_type": 7, "object_id": "2", "object_repr": "English", "action_flag": 2, "change_message": "[{\"changed\": {\"fields\": [\"header\"]}}]"}}, {"model": "admin.logentry", "pk": 268, "fields": {"action_time": "2019-02-12T17:21:30.891Z", "user": 1, "content_type": 7, "object_id": "1", "object_repr": "\u010ce\u0161tina", "action_flag": 2, "change_message": "[{\"changed\": {\"fields\": [\"header\"]}}]"}}, {"model": "admin.logentry", "pk": 269, "fields": {"action_time": "2019-02-12T17:43:45.573Z", "user": 1, "content_type": 37, "object_id": "1", "object_repr": "OrderConfig object (1)", "action_flag": 1, "change_message": "[{\"added\": {}}]"}}, {"model": "admin.logentry", "pk": 270, "fields": {"action_time": "2019-02-12T17:44:33.573Z", "user": 1, "content_type": 37, "object_id": "2", "object_repr": "OrderConfig object (2)", "action_flag": 1, "change_message": "[{\"added\": {}}]"}}, {"model": "admin.logentry", "pk": 271, "fields": {"action_time": "2019-02-12T17:49:01.074Z", "user": 1, "content_type": 37, "object_id": "2", "object_repr": "Orders", "action_flag": 2, "change_message": "[{\"changed\": {\"fields\": [\"header_more\"]}}]"}}, {"model": "admin.logentry", "pk": 272, "fields": {"action_time": "2019-02-12T17:49:14.027Z", "user": 1, "content_type": 37, "object_id": "1", "object_repr": "Objedn\u00e1vky", "action_flag": 2, "change_message": "[{\"changed\": {\"fields\": [\"header_more\"]}}]"}}]